make,label,campaigns
ford,Ford,772
chrysler,Ram,601
forest-river,"Forest River",547
general-motors,"General Motors",474
mercedes-benz,Mercedes-Benz,391
daimler-trucks,"Daimler Trucks North America",345
bmw,BMW,328
volkswagen,Volkswagen,272
honda,Honda,256
nissan,Nissan,253
toyota,Toyota,249
hyundai,Hyundai,236
volvo,Volvo,211
jayco,Jayco,207
jaguar-land-rover,"Land Rover",191
altec,Altec,183
navistar,Navistar,179
keystone,Keystone,170
kia,Kia,164
blue-bird,"Blue Bird",159
paccar,Paccar,137
winnebago,Winnebago,130
mercedes-benz-vans,"Mercedes-Benz Vans",123
autocar,Autocar,118
webasto,Webasto,114
mack,Mack,113
subaru,Subaru,110
tmc,TMC,109
newmar,Newmar,105
mazda,Mazda,99
spartan,Spartan,97
nova-bus,"Nova Bus",94
tesla,Tesla,94
porsche,Porsche,92
prevost,Prevost,87
micro-bird,"Micro Bird",81
mitsubishi,Mitsubishi,76
gillig,Gillig,74
tiffin,Tiffin,73
pierce,Pierce,61
terex,Terex,61
heartland,Heartland,60
airstream,Airstream,59
audi,Audi,59
ducati,Ducati,57
grand-design,"Grand Design",56
starcraft,Starcraft,55
mci,Mci,51
yamaha,Yamaha,50
e-one,"E One",49
shyft,Spartan,48
suzuki,Suzuki,48
triple-e,"Triple E",47
cummins,Cummins,45
new-flyer,"New Flyer",43
international,International,42
triumph,Triumph,42
harley-davidson,"Harley Davidson",40
isuzu,Isuzu,40
maserati,Maserati,39
rev,Rev,39
entegra,Entegra,38
great-dane,"Great Dane",38
kzrv,Kzrv,38
hino,Hino,36
kme,Kme,36
meritor,Meritor,34
braun,Braun,33
ktm,KTM,33
bentley,Bentley,32
arcimoto,Arcimoto,31
vermeer,Vermeer,31
oshkosh,Oshkosh,29
kawasaki,Kawasaki,28
polaris,Polaris,27
aston-martin,"Aston Martin",26
gulf-stream,"Gulf Stream",26
wabash,Wabash,24
brp,Brp,23
mcneilus,Mcneilus,23
rivian,Rivian,23
temsa,Temsa,23
ferrara,Ferrara,22
halcore,Horton,22
automobili-lamborghini,Lamborghini,22
lippert,Lippert,22
lucid,Lucid,22
spartan-fire,"Spartan Fire",22
set,Toyota,22
atc,Atc,21
mitsubishi-fuso,"Mitsubishi Fuso",21
rosenbauer,Rosenbauer,21
cruiser,Cruiser,20
ferrari,Ferrari,20
indian,Indian,20
proterra,Proterra,20
highland-ridge,"Highland Ridge FW",19
kmc,Kawasaki,19
foretravel,Foretravel,18
turtle-top,"Turtle Top",18
zero,Zero,18
hme,Hme,17
polestar,Polestar,17
kalmar,Kalmar,16
lakota,Lakota,16
supreme,Supreme,16
trail-king,"Trail King",16
van-hool,"Van Hool",16
eldorado,Eldorado,15
marion-body-works,"Marion Body Works",15
nabi,Nabi,15
roadtrek,Roadtrek,15
arboc,Arboc,14
mack-trucks,Mack,14
tap,Smittybilt,14
alliance,Alliance,13
dennis-eagle,"Dennis Eagle",13
dutchmen,Dutchmen,13
goodyear,Goodyear,13
mclaren,Mclaren,13
motiv,Motiv,13
piaggio,Piaggio,13
seagrave,Seagrave,13
sutphen,Sutphen,13
thor,Thor,13
zf,Zf,13
bendix,Bendix,12
drv,Drv,12
eldorado-national,Eldorado,12
evenflo,Evenflo,12
fontaine,Fontaine,12
lamborghini,Lamborghini,12
morryde,Morryde,12
roush,Roush,12
brinkley,"Brinkley RV",11
bugatti,Bugatti,11
champion,Champion,11
coach-and-equipment,"Coach And Equipment",11
fleetwood-rv,Fleetwood,11
lion,Lion,11
maintainer,Maintainer,11
kibbi,Renegade,11
smeal,Smeal,11
continental,Continental,10
hale,Hale,10
heil,Heil,10
midwest,Midwest,10
newell,Newell,10
open-range,"Open Range",10
ricon,Ricon,10
setra,Setra,10
spartan-chassis,Spartan,10
startrans,Startrans,10
tci,Tci,10
gst,Toyota,10
altec-industries,Altec,9
carrier,Carrier,9
continental-tire,Continental,9
crossroads,Crossroads,9
farber,Farber,9
fisker,Fisker,9
genie,Genie,9
harbor-freight,"Harbor Freight",9
michelin,Michelin,9
oev,"Orange Ev",9
stoughton,Stoughton,9
braun-ambulances,"Braun Ambulances",8
hsm,"Ce White",8
crane-carrier,"Crane Carrier",8
custom-fire,"Custom Fire",8
dana,Dana,8
dexter-axle,"Dexter Axle",8
imt,Imt,8
kaufman,Kaufman,8
pj-trailers,"Pj Trailers",8
reading,Reading,8
sumitomo,Sumitomo,8
vactor,Vactor,8
akron-brass,"Akron Brass Company",7
alexis-fire,"Alexis Fire Equipment",7
autoliv,Autoliv,7
caterpillar,Caterpillar,7
crossroads-rv,Crossroads,7
diamond-coach,"Diamond Coach",7
dorman,Dorman,7
eldorado-national-california,Eldorado,7
elgin,Elgin,7
evergreen,Evergreen,7
karma,Karma,7
kenworth,Kenworth,7
lotus,Lotus,7
orange-ev,"Orange Ev",7
dbna,Orion,7
riverside,Riverside,7
saf-holland,"Saf Holland",7
alamo,Schwarze,7
showhauler,Showhauler,7
storyteller,"Storyteller Overland",7
temsa-global,Temsa,7
vac-tron,"Vac Tron",7
yakima,Yakima,7
charles-machine,"Charles Machine",6
coachmen,Coachmen,6
cottrell,Cottrell,6
doosan,Doosan,6
escape-trailer,Escape,6
bato,Firestone,6
highland,Highland,6
jerr-dan,"Jerr Dan",6
lance-camper,"Lance Camper",6
lci,Lci,6
lion-bus,Lion,6
lion-electric,Lion,6
lode-king,"Lode King",6
manac,Manac,6
arg,Monaco,6
nikola,Nikola,6
pleasant-valley,"Pleasant Valley",6
pleasure-way,"Pleasure Way",6
prime-time,"Prime Time",6
reyco,"Reyco Granning",6
cooper-tire,Roadmaster,6
strick,Strick,6
tiffin-motorhomes,Tiffin,6
utility-trailer,"Utility Trailer",6
waymo,Waymo,6
wilson,Wilson,6
agility,Agility,5
ameritrans,Ameritrans,5
arvinmeritor,Arvinmeritor,5
big-tex-trailer,"Big Tex",5
collins,Collins,5
cooper,Cooper,5
dorel,Dorel,5
double-k,"Double K",5
driv,Driv,5
elgin-sweeper,"Elgin Sweeper",5
ember,Ember,5
endera,Endera,5
fna,Ferrari,5
freedman,Freedman,5
tegol,Hawk,5
hendrickson,Hendrickson,5
america-honda-co,Honda,5
erwin-hymer,Hymer,5
kymco,Kymco,5
marion,Marion,5
morgan-olson,"Morgan Olson",5
firefly,Multiplex,5
multiquip,Multiquip,5
rolls-royce,"Rolls Royce",5
silver-eagle,"Silver Eagle",5
space-craft,"Space Craft",5
sprinter,Sprinter,5
starcraft-bus,"Starcraft Bus",5
storyteller-overland,"Storyteller Overland",5
svi-trucks,"Svi Trucks",5
syntec,Syntec,5
trails-west,"Trails West",5
vanguard,Vanguard,5
vanleigh,Vanleigh,5
xos,Xos,5
zoox,Zoox,5
alliance-rv,"Alliance Rv",4
bigfoot,Bigfoot,4
bluecar,Bluecar,4
braxton,"Braxton Creek",4
brenner-tank,Brenner,4
byd,Byd,4
c-m,"C M",4
capacity-of-texas,Capacity,4
carefree,Carefree,4
cfmoto,Cfmoto,4
champion-bus,"Champion Bus",4
coach-house,"Coach House",4
collins-bus,Collins,4
cta,Continental,4
continental-automotive,"Continental Automotive",4
cruise,"Cruise LLC",4
custom-truck,"Custom Truck",4
eldorado-national-kansas,"Eldorado National Kansas",4
elkhart,Elkhart,4
elkhart-coach,"Elkhart Coach",4
entegra-coach,Entegra,4
ez-loader,"Ez Loader",4
featherlite,Featherlite,4
fontaine-trailer,Fontaine,4
new-england,Ford,4
forest,"Forest River",4
fontaine-modification,Freightliner,4
genuine-scooters,"Genuine Scooter",4
graco,Graco,4
hiab,Hiab,4
holley,Holley,4
infiniti,Infiniti,4
ivolution,"Iv2 Helmets",4
dba-joyson,"Key Safety Systems",4
keystone-rv,Keystone,4
vt-hackney,Kidron,4
ste-hackney,Kidron,4
strategic-sports,"Leather Up",4
lgs,Lgs,4
life-line,"Life Line",4
livewire,Livewire,4
livin-lite,"Livin Lite",4
mcelrath-trailers,"Mcelrath Trailers",4
morbark,Morbark,4
morgan,Morgan,4
mv-agusta,"Mv Agusta",4
nrc,Nrc,4
nu-wa,"Nu Wa",4
ohlins,Ohlins,4
oshkosh-defense,Oshkosh,4
rtdi,"Ride The Ducks",4
columbia-northwest,Somerset,4
tucker-rocky,"Speed And Strength",4
starcraft-rv,Starcraft,4
tsd,Terex,4
thermo-king,"Thermo King",4
toyne,Toyne,4
toyo,Toyo,4
gulf-states-toyota,Toyota,4
gulf-states,Toyota,4
tracker,Trailstar,4
trans-air,"Trans Air",4
trimark,Trimark,4
trw,Trw,4
utility,Utility,4
van-con,"Van Con",4
vantage,Vantage,4
vicinity,Vicinity,4
vinfast,Vinfast,4
wilson-trailer,Wilson,4
yokohama,Yokohama,4
zeekr,Zeekr,4
acc,Acc,3
advics,Advics,3
dainese,Agv,3
american-hauler,"American Hauler",3
arow,"Arow Global",3
asa,Asa,3
ati,Ati,3
bowlus,Bowlus,3
brammo,Brammo,3
brembo,Brembo,3
bridgestone,Bridgestone,3
burch,Burch,3
bombardier,Can-Am,3
capacity,Capacity,3
carriage,Carriage,3
carson,Carson,3
cheetah,Cheetah,3
chinook,Chinook,3
clek,Clek,3
cruiser-rv,"Cruiser Rv",3
crysteel,Crysteel,3
curt,Curt,3
curt-manufacturing,"Curt Manufacturing",3
dexter,Dexter,3
dometic,Dometic,3
dutchmen-manufacturing,Dutchmen,3
dynamic,"Dynamic Tire",3
east,East,3
eaton,Eaton,3
m-h-eby,Eby,3
eclipse,Eclipse,3
eldorado-mobility,"Eldorado Mobility",3
eti,Eti,3
eveland-s,Eveland,3
peterson-industries,Excel,3
excellance,Excellance,3
fabform,Fabform,3
fleetwood,Fleetwood,3
gem,GEM,3
genesis,Genesis,3
glaval,Glaval,3
h-h,"H H",3
haldex,Haldex,3
hankook,Hankook,3
hci,Hci,3
entrans,Heil,3
ifs,Ifs,3
ineos,Ineos,3
kovatch,Kme,3
kumho,Kumho,3
lance,Lance,3
ldv,Ldv,3
lexus,Lexus,3
load-trail,"Load Trail",3
lordstown,Lordstown,3
medtec,Medtec,3
midwest-fire,"Midwest Fire",3
mobility-specialists,"Mobility Specialists",3
mobility-ventures,"Mobility Ventures",3
monroe,Monroe,3
national-van,"National Van",3
oliver,"Oliver Travel Trailers",3
orscheln,Orscheln,3
osage,Osage,3
orv,"Outdoors RV",3
pagani,Pagani,3
palfinger,Palfinger,3
pilotcar,Pilotcar,3
proline,Proline,3
braun-northwest,Ram,3
rossmonster,Rossmonster,3
royal-enfield,"Royal Enfield",3
schwarze,Schwarze,3
sea-electric,"Sea Electric",3
r-h-sheppard,Shepard,3
skyline,Skyline,3
buy4easy,TMS,3
takata,Takata,3
tbc,Tbc,3
textron,Textron,3
think,Think,3
thule,Thule,3
tico,Tico,3
provan,Tiger,3
timken,Timken,3
timpte,Timpte,3
tiny-idahomes,"Tiny Idahomes",3
southeast-toyota,Toyota,3
trail-boss,"Trail Boss",3
trans-tech,"Trans Tech",3
transportation-collaborative,"Trans Tech Bus",3
transcraft,Transcraft,3
specialty,Transpec,3
ud-trucks,"Ud Trucks",3
vancraft,Vancraft,3
vee-tyre,"Vee Rubber",3
villa-international,Villa,3
wayfarer,Wayfarer,3
ep-tyre,Zeetex,3
four-guys,"4 Guys",2
abs,"Abs Remorques",2
acg,Acg,2
multistrada,Achilles,2
adventurer,Adventurer,2
akoury,Akoury,2
aluma-klm,"Aluma Klm",2
aprilia,Aprilia,2
augusta-rv,Augusta,2
auto-pro,"Auto Pro",2
autocar-industries,Autocar,2
bad-boy-enterprises,"Bad Boy",2
badass-helmet,Badass,2
batteryjack,Batteryjack,2
battle,"Battle Motors",2
bell,Bell,2
belmont,"Belmont Trailer",2
big-tex,"Big Tex",2
comoto-holdings,"Bilt Helmet",2
bison,Bison,2
ctp,"Black Rock",2
borgwarner,Borgwarner,2
bpi,"Brake Parts",2
britax,Britax,2
bwise,Bwise,2
c-e-white,"C E White",2
cake,Cake,2
campagna,Campagna,2
carry-on-trailer,"Carry On Trailer",2
coda,Coda,2
combi,Combi,2
compass-conversions,"Compass Conversions",2
contract-manufacturer,"Contract Manufacturer",2
crane,Crane,2
crestline,"Crestline Coach",2
cruise-car,"Cruise Car",2
custom-fire-apparatus,"Custom Fire",2
del-nat,"Del Nat",2
delco,"Delco Trailers",2
denso,Denso,2
maxzone,Depo,2
diamond-c,"Diamond C Trailers",2
diamondback,Diamondback,2
diono,Diono,2
dodgen,Dodgen,2
lemans,"Drag Specialties",2
driverge,Driverge,2
east-manufacturing,"East Manufacturing",2
ecco,Ecco,2
elite,Elite,2
enerco,Enerco,2
iss,Evercraft,2
executive-coach,"Executive Coach",2
fsv,Farber,2
federal,Federal,2
federal-mogul,"Federal Mogul",2
felling-trailers,Felling,2
emerson,Fisher,2
flye,Flye,2
manning,Ford,2
blanchat,Ford,2
unruh-fire,Ford,2
fox-factory,"Fox Factory",2
frazer,Frazer,2
triple-e-recreational-vehicles,"Free Spirit",2
frontline,Frontline,2
fruehauf,Fruehauf,2
fuel,Fuel,2
glaval-bus,"Glaval Bus",2
goshen,Goshen,2
goshen-coach,Goshen,2
great-dane-trailers,"Great Dane",2
great-lakes,"Great Lakes",2
grech,Grech,2
gulf-stream-coach,"Gulf Stream",2
hercules,Hercules,2
holiday-house,"Holiday House",2
host,"Host Campers",2
whammerdyne,"Ii Much",2
iljin,Iljin,2
immi,Immi,2
kaffenbarger,International,2
xl,Isuzu,2
john-evans,"John Evans",2
k-n,"K N",2
karavan,Karavan,2
kido-sports,"Kido Sports",2
kiel,Kiel,2
king-of-the-road,"King of the Road",2
koni,Koni,2
kuryakyn,Kuryakyn,2
kustom-fit-a-division-of-villa-furniture-mfg-co,"Kustom Fit",2
kz,Kz,2
ldj,Ldj,2
lem,"Lightning Emotors",2
liquidspring,Liquidspring,2
lotus-cars,Lotus,2
luxfer,"Luxfer Gas Cylinders",2
m-b-sturgis,"M B Sturgis",2
magna,"Magna Steyr",2
mando,Mando,2
marathon,Marathon,2
mcclaren,Mclaren,2
medix,Medix,2
mekra,"Mekra Lang",2
meritor-wabco,"Meritor Wabco",2
mickey-truck-bodies,"Mickey Truck Bodies",2
midway,Midway,2
tireco,Milestar,2
mobility-works,"Mobility Works",2
molly,"Molly Trolley",2
national-van-builders,"National Van",2
new-flyer-industries,"New Flyer",2
new-horizons,"New Horizons",2
nexxpro,Nexx,2
norco,Norco,2
norcold,Norcold,2
north-central,"North Central",2
itr,Oasis,2
obs,Obs,2
off-grid,"Off Grid Trailers",2
ott,"Oliver Travel Trailers",2
pierce-manufacturing,Oshkosh,2
ox-bodies,"Ox Bodies",2
peterbilt,Peterbilt,2
phoenix,Phoenix,2
pl-custom,"Pl Custom",2
pratt,Pratt,2
ti-automotive,Precision,2
q-straint,"Q Straint",2
quadratec,Q-Performance,2
quality-trailers,Quality,2
quality-van,"Quality Van",2
recaro,Recaro,2
johnson-controls,Recaro,2
navico,Relion,2
silverstone,"Ride Eazy",2
rigid-hitch,"Rigid Hitch",2
sunright,Rodia,2
giti,Runway,2
s-s-truck,"S S Truck",2
par-nado,"Safari Condo",2
sailun,Sailun,2
samsung-sdi,"Samsung Sdi",2
seats-incorporated,"Seats Incorporated",2
dcna,Setra,2
shadow-trailer,Shadow,2
shred-tech,"Shred Tech",2
sierra,Sierra,2
sika,Sika,2
spencer,Spencer,2
spyder,"Spyder Controls",2
cycle-gear,"Street & Steel",2
comoto,"Street & Steel Helmet",2
suburban,Suburban,2
autosales,"Summit Racing",2
sunnybrook,Sunnybrook,2
all-wheel,"Super Duty",2
svo,"Svo Group",2
tk-global,Takata,2
horizon,Tekonsha,2
temp-air,"Temp Air",2
tenneco,Tenneco,2
terberg-benschop,"Terberg Benschop B.V.",2
terex-telelect,Terex,2
titan-bus,"Titan Bus",2
tornel,Tornel,2
toro,Toro,2
tracker-marine,"Tracker Marine",2
trailstar,Trailstar,2
transitworks,Transitworks,2
triple-e-rv,"Triple E Rv",2
triumph-motorcycles-america,Triumph,2
tropos,Tropos,2
irbit,Ural,2
us-specs,"Us Specs",2
ioxus,Ustart,2
utilimaster,Utilimaster,2
vm,VM,2
vac-tron-equipment,Vac-Tron,2
abc-bus,"Van Hool",2
vanleigh-rv,Vanleigh,2
vapor-bus,Vapor,2
h-h-sports,Vcan,2
vega,Vega,2
soaring,"Vega Helmet",2
pga,Vespa,2
villa,Villa,2
vision-wheel,"Vision Wheel",2
walker,Walker,2
warn,Warn,2
w-c,"Watson & Chalin",2
akron-brass-akron-brass-weldon-division,Weldon,2
wheeled-coach,"Wheeled Coach",2
workhorse,Workhorse,2
wsb,Wsb,2
xtreme-outdoors,"Xtreme Outdoors",2
yokohama-tire,Yokohama,2
zero-motorcycles,Zero,2
3m,3m,1
4-star,"4 Star",1
4-star-trailer,"4 Star Trailer",1
4-star-trailers,"4 Star Trailers",1
4moms,4moms,1
a-l-solutions,"A L Solutions",1
a-m,"A M",1
a-j,"A&J Vans",1
a2z,A2Zev,1
access-options,"Access Options",1
alloy,Acp,1
adventive-ideas,Activheat,1
dalton,Adam,1
advance-engineered,"Advance Engineered",1
gtc,"Advance Extra Grip",1
adventurer-lp,Adventurer,1
aebi,Aebi-Schmidt,1
aero-industries,"Aero Industries",1
aero,"Aero Industries",1
zamzow,"Aero Industries",1
aev,Aev,1
affinia,Affinia,1
afx,Afx,1
aii,Aii,1
airtex,Airtex,1
uci-fram,Airtex,1
aisin,"Aisin Seiki",1
alcoa,Alcoa,1
hws,Alcoa,1
alexander-dennis,"Alexander Dennis",1
alexis,"Alexis Fire Equipment",1
alfa-romeo,"Alfa Romeo",1
iac,"Alko Axis Axles",1
all-in-one-mobility,"All in One Mobility",1
alliance-tire,"Alliance Tire",1
allison,Allison,1
alpha,Alpha,1
alpine,Alpine,1
alta,Alta,1
aep,Altec,1
aluma,Aluma,1
super-test,Alumadump,1
ame,"Am Equipment",1
am-general,"Am General",1
american-fastbacks,"American Fastback",1
american-lafrance,"American Lafrance",1
ameritrans-bus,Ameritrans,1
enk,Amerivan,1
wgh,Amp,1
amp,Amp,1
anderson,"Anderson MFG",1
zhaoqing,Antares,1
zhaoquing,Antares,1
ap-racing,"Ap Racing",1
aperia,Aperia,1
api,Api,1
apollo-tires,"Apollo Tires",1
wanli,Aptany,1
tilting-works,Arcimoto,1
aries,Aries,1
our-next-energy,"Aries LFP",1
arising-industries,Arising,1
arrow,"Arrow Manufacturing",1
atwood,Atwood,1
auto-truck,"Auto Truck",1
macvad,"Auto XS",1
automann,Automann,1
autotech,Autotech,1
rv-factory,Avion,1
max-trac,Avon,1
cooper-europe,Avon,1
max-trac-dba-avon-motorcycle-tyres,Avon,1
cush,Axn,1
axn,Axn,1
azure-dynamics,"Azure Dynamics",1
b-w,"B W",1
bfx,"BFX Fire Apparatus",1
dca,Babideal,1
baby-trend,"Baby Trend",1
badass,Badass,1
baldwin-filers,"Baldwin Filters",1
bay-bridge,"Bay Bridge MFG",1
bearing,Bearing,1
bct,"Beijing Capital",1
bell-helmets,Bell,1
besi,Besi,1
besser,"Besser Pro",1
beta,Beta,1
big-dog,"Big Dog",1
black-series,"Black Series Campers",1
black-tie,"Black Tie",1
bloomer,Bloomer,1
bloomer-trailers,Bloomer,1
blue-bird-body,"Blue Bird",1
a-z-bus,"Blue Bird",1
cma,Bluestar,1
alumina-dba-boatwheels,Boatwheels,1
boise-mobile-equipment,"Boise Mobile Equipment",1
bollinger,"Bollinger Motors",1
bolt-custom-trucks,"Bolt Custom Trucks",1
bontrager,Bontrager,1
boreas-campers,"Boreas Camper",1
bosch,Bosch,1
bravo,Bravo,1
braxton-creek,"Braxton Creek",1
brenner,Brenner,1
bridgestone-america,Bridgestone,1
brinkley-rv,"Brinkley Rv",1
brok,Brok,1
bucher,Bucher,1
buell,Buell,1
bulk-tank,"Bulk Tank International",1
performance-machine,"Burly Brand",1
butler,Butler,1
buyers-products,"Buyers Products",1
c-b,"C B",1
c-c-ford,"C C Ford",1
c-e-smith,"C E Smith",1
c-b-quality,"C&B Quality Trailer Works",1
chtc,"CHTC Bus",1
capco,CTR,1
cam-superline,Cam,1
cambli,Cambli,1
itg-voma,Capitol,1
carflex-auto-in-cooperation-with-omix-ada,"Carflex Auto in Cooperation with Omix Ada",1
cargo-craft,"Cargo Craft",1
cargo-south,"Cargo South",1
carli-suspension,"Carli Suspension",1
carlisle-brake-and-friction,Carlisle,1
carparts-com,"Carparts Com",1
ags,Carquest,1
advance,Carquest,1
nesco,Carrier,1
carry-on,"Carry on",1
cemen-tech,"Cemen Tech",1
challenger-door,"Challenger Door",1
chamberlain,Chamberlain,1
charles,"Charles Machine",1
charmac-trailers,Charmac,1
charmac,Charmac,1
oem,Chevrolet,1
chicago-scooter,"Chicago Scooter Company",1
chicco,Chicco,1
christianson,Christianson,1
vantage-mobility,Chrysler,1
cimarron,Cimarron,1
circle-w,"Circle W",1
clean-fuel,"Clean Fuel",1
clore,Clore,1
hardkore-karts,"Club Car",1
club-card,"Club Car",1
club-car,"Club Car",1
cm,Cm,1
coach-equipment,"Coach Equipment",1
coachmen-rv,Coachmen,1
pm,"Coastal Moto",1
cognito,"Cognito Motorsports",1
columbia,Columbia,1
columbia-parcar,Columbia,1
command,"Command Electronics",1
con-tech,"Con Tech",1
concession-nation,"Concession Nation",1
ttt,Contender,1
coose,"Coose Trailer",1
cornelius,"Corn Pro",1
cornell,Cornell,1
truck-equipment,Cornhusker,1
covercraft,Covercraft,1
covered-wagon,"Covered Wagon Trailers",1
cowtown-sleepers,"Cowtown Sleepers",1
craftsmen,Craftsmen,1
creative-bus-sales,"Creative Bus Sales",1
cross-country,"Cross Country",1
ds-doing-business-as-crossroads-rv,Crossroads,1
ds-doing-business-as-crossroads-rv-crossroads,Crossroads,1
csc,Csc,1
csi,Csi,1
ctw,Ctw,1
cummings,Cummings,1
ngfs,"Cummins Clean Fuel Tech",1
mmdi,"Cummins Power Generation",1
cushman,Cushman,1
travel-units,"Custom Designed",1
custom-trucks,"Custom Truck & Body Works",1
cvg,Cvg,1
tucker-rocky-distribution,"Cyber Helmet",1
battery-biz,Cyntur,1
drv-suites-drv-formerly-doubletree-rv,DRV,1
accubuilt,Dabryan,1
daihatsu,Daihatsu,1
dbnc,Daimler,1
damon,Damon,1
darley,Darley,1
daystar,Daystar,1
daytona,Daytona,1
daytona-helmets,Daytona,1
dba-as-driv,"Dba As Driv",1
ddt,Ddt,1
decked,Decked,1
dejana,Dejana,1
delphi,Delphi,1
denago-ev,"Denago Ev",1
dimplex,Dimplex,1
diode,"Diode Dynamics",1
directed,Directed,1
charles-machine-works,"Ditch Witch",1
the-charles-machine,"Ditch Witch",1
djg,Djg,1
driving-specialties,Dodge,1
doepker,Doepker,1
double-r,"Double R Trailers",1
neotek,Duralast,1
duruxx,Duruxx,1
dynamax,Dynamax,1
hodyon,Dynasys,1
e-ride,"E Ride",1
e-ton,"E Ton",1
e-one-incorporated,E-One,1
eagan,Eagan,1
eagle-eyes,"Eagle Eyes Upi",1
earthroamer,Earthroamer,1
east-trailers,East,1
east-penn,"East Penn Manufacturing",1
east-texas,"East Texas",1
easymile,Easymile,1
paccar-parts-a-division-of-paccar-incorporated,Eaton,1
eberspacher,Eberspacher,1
eclipse-recreational-vehicles,Eclipse,1
sk,Econix,1
les-technologies-ecotuned,"Ecotuned Technologies",1
electra-meccanica,"Electra Meccanica",1
electrameccanica,Electrameccanica,1
electra,Electrameccanica,1
elite-trailer-manufacturing,Elite,1
emcara,Emcara,1
emmett-door,Emmett,1
enc,Enc,1
energy-and-water-solutions,"Energy And Water Solution",1
zh-brothers,Epicord,1
new-heights,Equipter,1
escape,Escape,1
evca,Evca,1
evject,Evject,1
ontario,Evos,1
evs,Evs,1
exiss-sooner-hlg,"Exiss Sooner Hlg",1
explorer-van,"Explorer Van",1
explorer,"Explorer Van Company",1
express-trailers,Express,1
extang,Extang,1
fabtech,Fabtech,1
fairplay,Fairplay,1
falcon,Falcon,1
ff,"Faraday Future",1
farber-specialty,"Farber Specialty",1
fic,Fastec,1
featherlite-trailers,Featherlite,1
felling,Felling,1
ferrara-fire,Ferrara,1
fes,Fes,1
dlt,Fiat,1
dick-s,"Field & Stream",1
field-van,"Field Van",1
first-light,"First Light Safety",1
fivecubits,Fivecubits,1
ysn,"Flame King",1
roadclipper,Fleetneck,1
skymark-refuelers,Flowmark,1
fly,Fly,1
taizhou-qianxin-vehicle-co,"Fly Wing",1
fontaine-trailer-dba-fontaine-heavy-haul,Fontaine,1
almared-dba-a-1-alternative-fuel-systems,Ford,1
landi-renzo,Ford,1
advanced-wheels,Ford,1
tactical,Ford,1
stahl,Ford,1
dual-tech,Ford,1
palfleet,Ford,1
j-c-madigan,Ford,1
versalift,Ford,1
pj-s,Ford,1
adrian,Ford,1
national-fleet,Ford,1
fenton,Ford,1
watts-manufacturing,Ford,1
curbtender,Ford,1
royale,Ford,1
waldoch,Ford,1
weis-fire-safety,Ford,1
fenton-mobility,Ford,1
la-west,Ford,1
quality-vans,Ford,1
marathon-industries,Ford,1
roush-performance-products,Ford,1
formerly-the-liberty,"Formerly the Liberty",1
foundation-ambulance,"Foundation Ambulance",1
four-degree,"Four Degree",1
four-wheel-six-pac,"Four Wheel Six Pac",1
four-winds,"Four Winds",1
fouts,"Fouts Bros.",1
fr-conversions,"Fr Conversions",1
uci,Fram,1
fram,Fram,1
a-1,Freightliner,1
frontrunner,Frontrunner,1
fuel-helmets,"Fuel Helmets",1
full-vision,"Full Vision/ Rogers Bros.",1
fulmer,Fulmer,1
futura,Futura,1
gkn,"GKN Aftermarket",1
galaxy-helmets,GLX,1
garden-state,"Garden State",1
garmin,Garmin,1
hsc,Gates,1
ge-appliances,Ge,1
ge,Ge,1
genera,Genera,1
genuine,"Genuine Scooter",1
geo-heiser-body,"Geo Heiser Body",1
gilbarco,Gilbarco,1
glacier,Glacier,1
american-pacific,Gladiator,1
global,"Global Environmental Prod",1
godwin,Godwin,1
grand-design-rv,"Grand Design",1
joe-s,"Great Lakes",1
greenfield,Greenfield,1
greenpower,Greenpower,1
gulf-tran,"Gulf Tran",1
gulfstream,Gulfstream,1
haier,Haier,1
blackbeards-motorcycle-gear,Hamrhead,1
htac,Hankook,1
harbinger,"Harbinger Motors",1
harley,Harley-Davidson,1
kbc,Harley-Davidson,1
harmony,Harmony,1
b-m,Haul-Rite,1
haulmark-industries,Haulmark,1
universal-trailer,Haulmark,1
haulmark,Haulmark,1
thh,Hawk,1
syncro,"Hayes Sway Master",1
liquid-transport,Hays,1
darsan,Hci,1
darsan-trading-co-darsan-dba-as-helmet-city,Hci,1
hd-trailer,"Hd Trailer",1
heartland-recreational-vehicles,Heartland,1
heartland-recreational-vehicles-heartland,Heartland,1
9299-5000-quebec,Helio,1
hercules-enterprises,"Hercules Enterprises",1
hexagon-purus,"Hexagon Purus",1
hi-tech-e-v-s,"Hi Tech E V S",1
hi-tech,"Hi-Tech E.v.s.",1
hatc,"High Altitude Trailer",1
ningbo,"Hikari Technology",1
hillboro,Hillsboro,1
hiniker,Hiniker,1
jrts,Hino,1
iti,Hino,1
hispec,Hispec,1
hitch-hiker,"Hitch Hiker",1
nu-wa-industries,Hitchhiker,1
hollywood-racks,"Hollywood Racks",1
homesteader,Homesteader,1
horton-vans,Horton,1
harsco-rail,Hy-Rail,1
walmart,"Hyper Tough",1
couture-co,Hyperax,1
ht,"Hyundai Translead",1
hyundam,"Hyundam Industrial",1
american-surplus,"Ice Castle",1
j-tech,Icon,1
icon,Icon,1
idle-free,Ifs,1
imperial-supplies-a-division-of-w-w-grainger,Imperial,1
imc,Indian,1
induction-solutions,"Induction Solutions",1
worldwide,Ingusa,1
inland-empire,"Inland Empire Trailers",1
achieva,Innova,1
innovative-specialties,"Innovative Specialties",1
innovative,"Innovative Trailer Design",1
inspire,Inspire,1
its,"Integrated Tower Systems",1
itb,"Intercontinental Truck",1
intermotive,Intermotive,1
north-american-repower,International,1
interstate-trailers,Interstate,1
interstate,Interstate,1
dicor,Invision,1
iosix,Iosix,1
ironman,"Ironman 4X4",1
irvine,"Irvine Shade & Door",1
isi,"Isi Automotive Austria",1
us-truck-body,Isuzu,1
diesel-modification-center,Isuzu,1
iti-trailers-and-truck-bodies,"Iti Trailers",1
jdm,"JDM Adstar",1
jackson,"Jackson MFG",1
jag-mobile-solutions,"Jag Mobile Solutions",1
dongguan-biaoming-technology-co,Jecoev,1
ehgusa-af,Jeep,1
u-s-drive-right,Jeep,1
jet,"Jet Co",1
zhejiang,Jix,1
jl-audio,"Jl Audio",1
deere,"John Deere",1
johnston,Johnston,1
jomac,Jomac,1
jost,"Jost International",1
jd-e-commerce,Joybuy,1
joybuy-express,Joybuy,1
jtekt,Jtekt,1
jumping-jack,"Jumping Jack",1
k-z,"K Z",1
kzrv-l-p,KZRV,1
kandi,"Kandi Coco",1
kaufman-trailers,Kaufman,1
interamerican-auto-parts,Kelvinhid,1
kenda,Kenda,1
kss,"Key Safety Systems",1
joyson,"Key Safety Systems",1
keyline-sales,Keyline,1
keystone-coachworks,"Keystone Coachworks",1
kidde,Kidde,1
alltrade,Kilimanjaro,1
kinedyne,Kinedyne,1
kingston,Kingston,1
koenigsegg,Koenigsegg,1
kompact-kamp,"Kompact Kamp",1
kuat-racks,Kuat,1
kuat-innovations,Kuat,1
ktci,Kumho,1
kwik-loc,Kwik,1
ifp,"L'air Camper",1
allwin,LS2,1
apc,LS2,1
la-boit,"La Boit",1
streamline,"La Chopper",1
labrie-enviroquip,Labrie,1
labrie,Labrie,1
one-more-auto-parts,Lasfit,1
dianliangzhihui-technology,Lasfit,1
lazy-daze,"Lazy Daze",1
lbce,Lbce,1
dropcases-limited,Lectron,1
legend,"Legend Manufacturing",1
legend-suspensions,"Legend Suspensions",1
les-schwab,"Les Schwab",1
lge-coachworks,"Lge Coachworks",1
liberty,Liberty,1
liftmoore,Liftmoore,1
light-boy,"Light Boy",1
lightning,"Lightning Emotors",1
lightning-emotors,"Lightning Emotors",1
limitless-van,"Limitless Van",1
liquidmetal,Liquidmetal,1
load-rite,"Load Rite",1
lodal,Lodal,1
logan-coach,"Logan Coach",1
lonestar-specialty-vehicles,Lonestar,1
lsg,Lsg,1
lsr-conversions,"Lsr Conversions",1
lucon,Lucon,1
lund,Lund,1
milwaukee-helmets,MPH,1
vpg,MV-1,1
iv-c,MVT-900A,1
mw,"MW Company",1
sat,"Mac Tools",1
mac,"Mac Trailers",1
mac-trailer,"Mac Trailers",1
magic-tilt-trailers,"Magic Tilt",1
mahindra,Mahindra,1
malibu-boats,"Malibu Boats",1
turn5,Mammoth,1
man-cave-rv,"Man Cave",1
manchester,"Manchester Tank",1
marmon-herrington,"Marmon Herrington",1
mastercraft,Mastercraft,1
masterlock,Masterlock,1
matrix,"Matrix Headgear",1
maxi-metal,"Maxi Metal",1
dannmar,Maxjax,1
maxon,Maxon,1
adaptive-mobility-systems,Maxvan,1
airxcel,Maxxair,1
maxxd,Maxxd,1
mcclain,Mcclain,1
mcclain-trailers,Mcclain,1
gratimax,"Mcelrath Trailers",1
mcnelius,Mcneilus,1
mekra-lang,"Mekra Lang",1
royale-limousine,"Mercedes Royale",1
merhow,Merhow,1
merritt,"Merritt Angel Guard",1
dec,"Merritt Commodity Trailer",1
mertz,Mertz,1
mertz-manufacturing,Mertz,1
custom-wheel,"Method Race Wheels",1
metro-worldwide,"Metro Link",1
mevotech,Mevotech,1
meyle,Meyle,1
centropneus,Michelin,1
mickey-truck,"Mickey Truck",1
micro,"Micro Bird",1
micro-dot,"Micro Dot",1
nado,Mictuning,1
midsota,Midsoda,1
miller-electric,Miller,1
mirage,Mirage,1
mo-trailers,"Mo Trailers",1
mobility-conquest,"Mobility Conquest",1
mobility-services,"Mobility Services",1
mobilitytrans,Mobilitytrans,1
wmk-d-b-a-mobilityworks,Mobilityworks,1
monaco,Monaco,1
monaco-rv,"Monaco Rv",1
mmc,"Morgan Motor Company",1
piaggo,"Moto Guzzi",1
wheel-pros,"Moto Metal",1
mpa,"Motorcar Parts",1
motovan,Motovan,1
mts,Mts,1
multiprens,Multiprens,1
muncie,"Muncie Power",1
ntn,"NTN Bearing Corp.",1
nbc,Nbc,1
neckover,Neckover,1
neely-coble,"Neely Coble",1
nelson,Nelson,1
neo,"Neo Trailers",1
new-england-wheels,"New England Wheels",1
new-way,"New Way",1
nexus,Nexus,1
nexus-rv-s,Nexus,1
ghnt,Nineo,1
nissens,Nissens,1
nissin-kogyo-co,Nissin,1
nitrous-outlet,"Nitrous Outlet",1
nitrous-supply,"Nitrous Supply",1
nitto-tire,Nitto,1
nivion,Nivion,1
nomad,Nomad,1
norgren,Norgren,1
northern-lite,"Northern Lite",1
r-c-willett,"Northstar Arrow",1
northwest,Northwest,1
northwood,Northwood,1
novae,Novae,1
dba-kansas-rv-center,"Nu Wa",1
nuna,Nuna,1
odyne,Odyne,1
atp,"Oec, Technidot",1
old-school-trailers,"Old School Trailers",1
orange,"Orange Ev",1
orbit,Orbit,1
oreion,Oreion,1
foreign-tire,Otani,1
outback,Outback,1
outdoors,"Outdoors RV",1
outdoors-rv,"Outdoors Rv",1
outfitter,"Outfitter Manufacturing",1
tnt,Outlaw,1
techworks,Overland,1
shenzhenshi-axi-technology-co,Oxilam,1
scentlok,Oz,1
pl-custom-emergency-vehicles,"PL Custom",1
pl-customs,"PL Custom",1
ptl,"PTL Engineering",1
pacific-coachworks,"Pacific Coachworks",1
pacific-trailer,"Pacific Trailer Products",1
omaha-standard,Palfinger,1
parker-hannifin,"Parker Hannifin",1
parker-trailer,"Parker Trailer",1
pctna,Pctna,1
peach-cargo,"Peach Cargo",1
old-world,Peak,1
pebble,Pebble,1
t-a-pelsue,Pelsue,1
pep-boys,"Pep Boys",1
peragon,Peragon,1
transpower,Peterbilt,1
peterson,Peterson,1
pilkington,Pilkington,1
pirelli,Pirelli,1
lcb,Pitbull,1
pitts,"Pitts Trailers",1
platinum-driveline,"Platinum Driveline",1
play-mor-trailers,Play-Mor,1
polar,Polar,1
polar-tank,"Polar Tank",1
pony-ai,"Pony Ai",1
powerstop,Powerstop,1
precision,Precision,1
precision-circuits,Precision,1
premier-trailer,"Premier Traler",1
prestone,Prestone,1
pioneer,Prevost,1
prevost-car,Prevost,1
geomarc,Prevost,1
cequent,"Pro Series",1
ufi-filters,Purolator,1
putco,Putco,1
qtp,"Quality Trailer Products",1
quality-van-sales,"Quality Van Sales",1
aluminum,"Quest Car Hauler",1
r-m-trailer,"R M Trailer",1
renogy,"RNG International",1
streetcar,Ram,1
custom-truck-and-body-works,Ram,1
rapiscan,Rapiscan,1
rc-trailers,"Rc Trailers",1
reading-truck-body,"Reading Truck Body",1
rebel-west,"Rebel West Powersports",1
adient,Recaro,1
red-rock,"Red Rock",1
eci,Rego,1
reinke,Reinke,1
reiser,Reiser,1
reitnouer,"Reitnouer Trailers",1
remote-vans,"Remote Vans",1
riverside-rv,Retro,1
revo,"Rev Ambulance",1
revhd,Revhd,1
kuntry,"Rich Speciality Trailers",1
kuntry-kustom,"Rich Speciality Trailers",1
ride-control,"Ride Control",1
ridewell,Ridewell,1
bugatti-rimac,Rimac,1
road-rescue,"Road Rescue",1
rock-run,"Rock Run",1
rockford,"Rockford Fosgate",1
rockymounts,Rockymounts,1
rogue-industries,Rogue,1
nov-rolligon,Rolligon,1
snc,"Rolling Big Power",1
rolls-rite-trailers,"Rolls Rite",1
rolls-royce-cars,Rolls-Royce,1
rosa-trailer,Rosa,1
rosenbauer-america,Rosenbauer,1
royal-cargo,"Royal Cargo",1
royal-truck,"Royal Truck & Equipment",1
s-b-filters,"S B Filters",1
s-b,"S&B Filters",1
smc-trailers,SMC,1
snake-river-trailer,SRTC,1
saab,Saab,1
new-haven,"Safe Haven",1
safety-belt-solutions,"Safety Belt Solutions",1
schneider-electric,"Schneider Electric",1
sea,Sea,1
sealight,Sealight,1
seats,Seats,1
super-seer,Seer,1
sentury-tire,"Sentury Tire",1
setra-luxury-coaches,Setra,1
shandong,Shandong,1
shark,Shark,1
sharp-manufacturing,Sharp,1
sharper-image,"Sharper Image",1
chem-pak,"Shield Fire Protection",1
showhauler-trucks,Showhauler,1
showtime-conversions,Showtime,1
simard,Simard,1
sirco,Sirco,1
sjc,Sjc,1
skf,Skf,1
skinny-guy-camper,"Skinny Guy Camper",1
sleepdogmattress,Sleepdogmattress,1
sleepy-customs,"Sleepy Customs",1
smartplug,Smartplug,1
smc,Smc,1
smi,Smi,1
snake-river,"Snake River",1
somerset,Somerset,1
southeast-apparatus,"Southeast Apparatus",1
southern-pride-distributing,"Southern Pride",1
southwest,Southwest,1
precision-industries,"Spartan Fire",1
spector,"Spec Tec",1
special-fleet,"Special Fleet",1
spc,"Specialty Products",1
speedtech,Speedtech,1
speedway,"Speedway Motors",1
spektrum,"Spektrum Brakes",1
spl,Spl,1
sportsmobile,Sportsmobile,1
sportworks,Sportworks,1
sprague,Sprague,1
stainless-repair,"Stainless Repair",1
stallion-bus,Stallion,1
standen,Standen,1
jh-global,"Star Ev",1
starcarft,Starcraft,1
stacraft,Starcraft,1
stargate,Stargate,1
ste,Ste,1
stellar,Stellar,1
stoll,Stoll,1
stonebrooke,"Stonebrooke Equipment",1
stoneridge,Stoneridge,1
stoughton-trailers,Stoughton,1
strange,Strange,1
suburban-manufacturing,Suburban,1
summit-trailer,Summit,1
summit,Summit,1
summit-bodyworks,"Summit Bodyworks",1
fitech,"Summit Racing",1
sunright-international-of-america-dba-rodia,"Sunright International of America Dba Rodia",1
sunset-park,"Sunset Park & RV",1
sunset-park-rv,"Sunset Park Rv",1
suomy,Suomy,1
superior-coach,"Superior Coach",1
sure-power,"Sure Power",1
sutrak,Sutrak,1
american-suzuki,Suzuki,1
svi,"Svi Trucks",1
swab-wagon,"Swab Wagon",1
t-e,"T E",1
tadano,Tadano,1
taizhou-tianda,"Taizhou Tianda",1
taxa,Taxa,1
taylor-dunn,"Taylor Dunn",1
taylor-made-ambulances,"Taylor Made Ambulances",1
team-spirit,"Team Spirit",1
teko,Teko,1
cequent-performance-products,Tekonsha,1
terberg-benschop-b-v,"Terberg Benschop B V",1
terex-aerial,Terex,1
james-a-kiley,Terex,1
terex-advance-mixer,"Terex Advance",1
terex-environmental,"Terex Environmental",1
terran-axle,"Terran Industries",1
terran-industries,"Terran Industries",1
texas-pride,"Texas Pride",1
xingyue,"The Auto Moto",1
thieman,Thieman,1
h-a-dehart,"Thomas Built",1
dnta,"Thomas Built Buses",1
buswest,"Thomas Built Buses",1
tmcrv,"Thor Motor Coach",1
thor-motorcoach,"Thor Motorcoach",1
ldj-manufacturing,"Thunder Creek",1
tiffany,Tiffany,1
tiger-trailers,Tiger,1
tigertough,"Tigertough Seat Covers",1
timoney,Timoney,1
tishomingo,Tishomingo,1
tokai-rika,"Tokai Rika Co. LTD",1
tomberlin-automotive,Tomberlin,1
tong-yang,"Tong Yang Industry",1
advance-stores,Toolworks,1
tor,Tor,1
tenco,Tor,1
tourig,Tourig,1
tex-trail,"Tow King",1
towblazer,Towblazer,1
monroe-towmaster,Towmaster,1
toyo-tire,Toyo,1
toyo-tire-holdings-of-americas,"Toyo Tire Holdings of Americas",1
trailmaster,Trailer,1
strehl,Trailerblade,1
trailers,"Trailers Usa",1
trailex,Trailex,1
tm,Trailmanor,1
trailmanor,Trailmanor,1
wrmg,Trailstar,1
trans-tech-bus,"Trans Tech Bus",1
transfer-flow,"Transfer Flow",1
transfer-flow-chico-ca,"Transfer Flow",1
travel-lite,"Travel Lite",1
tremcar,Tremcar,1
triad,"Triad Trailer",1
tirple-e,"Triple E RV",1
triton,Triton,1
tcs,"Truck Cert Services",1
truckcraft,Truckcraft,1
tse,Tse,1
tse-brakes,"Tse Brakes",1
accuride,"Tubeless Duplex Wheel",1
tuff-trailer,"Tuff Trailer Usa",1
rmatv,Tusk,1
ubco,Ubco,1
ud,Ud,1
abc,Ultrajet,1
unicell,Unicell,1
united-expressline,United,1
united-specialties,United,1
usv,"Universal Specialty",1
usk,Usk,1
utc,Utc,1
utility-bodywerks,"Utility Bodywerks",1
vac-tron-equipment-vac-tron,Vac-Tron,1
vactor-manufacturing,Vactor,1
vee,"Vee Rubber",1
velvac,Velvac,1
lla,"Venezia Crusade",1
dexter-ventline-and-door,Ventline,1
viking,Viking,1
vintage,Vintage,1
virnig,Virnig,1
vision-wheels,"Vision Wheel",1
vmac,"Vmac Global Technology",1
vmi,Vmi,1
volkswaen,Volkswagen,1
volta,"Volta Power System",1
roadhouse,Voss,1
leather-on-wheels,"WCL Helmet",1
wabco,Wabco,1
wallace-forge,"Wallace Forge",1
wanco,Wanco,1
wanda,Wanda,1
wartech,Wartech,1
waterous,Waterous,1
watson-hopper,"Watson Hopper",1
wayb,Wayb,1
weiler,Weiler,1
weldon,Weldon,1
wells-cargo,"Wells Cargo",1
wells-industries,"Wells Cargo",1
west-mark,"West Mark",1
westport,Westport,1
westward,Westward,1
wheego,Wheego,1
whelen,Whelen,1
kraco,"Who-Rae Butterfly Rose",1
ufpi,"Wic RV Reg",1
linora,Wifiranger,1
wildcat,Wildcat,1
williamsen-godwin,"Williamsen Godwin",1
wilwood,Wilwood,1
wft,"Winkelmann Flowform",1
winnebago-towable,Winnebago,1
winnebago-industries,"Winnebago Industries",1
delaware,Wirecon,1
woodstock,Woodstock,1
femtec,Worx,1
tredit-tire-wheel,"Xingmin Wheel",1
xtreme,"Xtreme Outdoors",1
yamaha-of-hawaii,Yamaha,1
voyager-industries,Yetti,1
yohta,Yohta,1
guangzhou-yorkim-trading-co,Yorkim,1
zico,"Ziamatic Corp.",1
