id,campaign,field,before,after,before_read,after_read
b9abc778126d937f,26V461,remedy,"Dealers will install rivets along the driver's side window seam and entrance door seam, free of charge. Owner notification letters are expected to be mailed September 14, 2026. Owners may contact International's customer service at 1-800-448-7825. International's number for this recall is 26512.","Dealers will install rivets along the driver's side window seam and entrance door seam, free of charge. Owner notification letters were mailed September 8, 2026. Owners may contact International's customer service at 1-800-448-7825. International's number for this recall is 26512.",2026-09-11T16:40:57+00:00,2026-09-12T17:41:11+00:00
3b98fd696b05108e,26V465,remedy,"Dealers will install the rear impact guard extension channels, free of charge. Owner notification letters are expected to be mailed September 15, 2026. Owners may contact Great Dane's customer service at 1-877-369-3493.","Dealers will install the rear impact guard extension channels, free of charge. Owner notification letters were mailed September 3, 2026. Owners may contact Great Dane's customer service at 1-877-369-3493.",2026-09-12T05:04:08+00:00,2026-09-12T11:19:38+00:00
468b2cb2511f409e,26V460,remedy,"Dealers will install rivets along the driver's side window seam and entrance door seam, free of charge. Owner notification letters are expected to be mailed September 14, 2026. Owners may contact International's customer service at 1-800-448-7825. International's number for this recall is 26511.","Dealers will install rivets along the driver's side window seam and entrance door seam, free of charge. Owner notification letters were mailed September 8, 2026. Owners may contact International's customer service at 1-800-448-7825. International's number for this recall is 26511.",2026-09-12T04:49:20+00:00,2026-09-12T11:04:05+00:00
6e99c49577c2dba4,26V459,remedy,"Dealers will install plastic saddles onto the positive interconnect cable, install wind laces and a J-bolt between each battery, free of charge. Owner notification letters are expected to be mailed October 26, 2026. Owners may contact International customer service at 1-800-448-7825. International's number for this recall is 26510. This recall replaces and expands NHTSA Recall 25V534. Vehicles previously repaired under 25V534 will need the new remedy completed.","Dealers will install plastic saddles onto the positive interconnect cable, install wind laces and a J-bolt between each battery, free of charge. Interim letters notifying owners of the safety risk were mailed September 8, 2026. Owners will receive another notice once remedy becomes available. Owners may contact International customer service at 1-800-448-7825. International's number for this recall is 26510. This recall replaces and expands NHTSA Recall 25V534. Vehicles previously repaired under 25V534 will need the new remedy completed.",2026-09-12T04:49:20+00:00,2026-09-12T11:04:05+00:00
2cbe588a6a9de640,26V458,remedy,"Dealers will drill additional drain holes in the underside of the tailgate trim. Additionally, dealers will inspect and replace the rearview camera as necessary. Repairs will be performed free of charge. Interim letters notifying owners of the safety risk are expected to be mailed September 11, 2026. Additional letters will be sent once the remedy is available. Owners may contact Land Rover customer service at 1-800-637-6837. Land Rover's number for this recall is D145.","Dealers will drill additional drain holes in the underside of the tailgate trim. Additionally, dealers will inspect and replace the rearview camera as necessary. Repairs will be performed free of charge. Owner notification letters were mailed September 10, 2026. Owners may contact Land Rover customer service at 1-800-637-6837. Land Rover's number for this recall is D145.",2026-09-12T04:49:20+00:00,2026-09-12T11:04:05+00:00
6339e4bd2486e2d5,26V347,summary,"Forest River Bus, LLC (Forest River Bus) is recalling certain 2026 Glaval Titan II, Primetime, Entourage, Concorde II, Commute, Forest River Bus Eldorado, Champion Bus, Starcraft Starlite, Allstar XL, 2026-2027 Glaval Universal, Starcraft Allstar, Startrans Candidate II, and 2025-2027 Forest River Bus Senator II, equipped with certain QRT-3 wheelchair retractors. The retractors may not lock, preventing the wheelchair from being properly secured.","Forest River Bus, LLC (Forest River Bus) is recalling certain 2026 Glaval Titan II, Primetime, Entourage, Concorde II, Commute, Forest River Bus Eldorado, Champion Bus, Starcraft Starlite, Allstar XL, Forest River Van, 2026-2027 Glaval Universal, Starcraft Allstar, Startrans Candidate II, 2025-2026 Mobility Trans Safetbus, and 2025-2027 Forest River Bus Senator II, equipped with certain QRT-3 wheelchair retractors. The retractors may not lock, preventing the wheelchair from being properly secured.",2026-09-12T04:19:01+00:00,2026-09-12T10:34:42+00:00
d60f65f1bdbad7ab,26V180,remedy,"Dealers will inspect and replace the front passenger seat frame assembly, as necessary, free of charge. Interim letters notifying owners of the safety risk were mailed April 27, 2026. Additional letters will be sent once the final remedy is available, anticipated September 17, 2026. Owners may contact Toyota's customer service at 1-800-331-4331. Toyota's numbers for this recall are 26LB03 and 26LA03.","Dealers will inspect and replace the front passenger seat frame assembly, as necessary, free of charge. Interim letters notifying owners of the safety risk were mailed April 27, 2026. Additional letters will be sent once the final remedy is available, anticipated September 17 - October 1, 2026. Owners may contact Toyota's customer service at 1-800-331-4331. Toyota's numbers for this recall are 26LB03 and 26LA03.",2026-09-12T03:49:42+00:00,2026-09-12T10:04:15+00:00
ca4c73afb38d00ec,26V128,remedy,"Dealers will replace the return springs in the seat back recliner assemblies, free of charge. Interim letters notifying owners of the safety risk were mailed April 27, 2026. Additional letters will be sent once the final remedy is available, anticipated August 27, 2026. This is a phased recall. Owners may contact Toyota’s customer service at 1-800-331-4331. Toyota's numbers for this recall are 26TB06 and 26TA06.","Dealers will replace the return springs in the seat back recliner assemblies, free of charge. Owner letters were mailed September 9, 2026. This is a phased recall. Owners may contact Toyota’s customer service at 1-800-331-4331. Toyota's numbers for this recall are 26TB06 and 26TA06.",2026-09-12T03:34:50+00:00,2026-09-12T09:49:09+00:00
0751acfb609184b5,26V495,summary,"Chrysler (FCA US, LLC) is recalling certain 2019-2026 Ram 1500 vehicles. The second-row seat belt buckle anchors may have been improperly installed. As such, these vehicles fail to comply with the requirements of Federal Motor Vehicle Safety Standard number 210, ""Seat Belt Assembly Anchorages.""","Chrysler (FCA US, LLC) is recalling certain 2019-2026 Ram 1500 vehicles. The second-row center and left-side seat belt buckle anchors may have been improperly installed. As such, these vehicles fail to comply with the requirements of Federal Motor Vehicle Safety Standard number 210, ""Seat Belt Assembly Anchorages.""",2026-09-11T05:19:01+00:00,2026-09-11T11:19:07+00:00
c96ed6ee85724c8f,26V452,remedy,"Passengers are advised not to use the rear center seat until the recall remedy is performed. Dealers will replace the seat belt buckle assembly, free of charge. Owner notification letters are expected to be mailed September 11, 2026. Owners may contact Hyundai customer service at 1-855-371-9460. Hyundai's number for this recall is 306. Vehicle Identification Numbers (VINs) involved in this recall became searchable on NHTSA.gov on July 15, 2026.","Passengers are advised not to use the rear center seat until the recall remedy is performed. Dealers will replace the seat belt buckle assembly, free of charge. Owner notification letters were mailed September 2, 2026. Owners may contact Hyundai customer service at 1-855-371-9460. Hyundai's number for this recall is 306. Vehicle Identification Numbers (VINs) involved in this recall became searchable on NHTSA.gov on July 15, 2026.",2026-09-11T05:05:46+00:00,2026-09-11T11:04:29+00:00
67c72830b9bfd13d,26V444,summary,"Volvo Trucks North America (Volvo Trucks) is recalling certain 2026 VOLVO VHD, VNL (4), VNR (4), VN, and VAH vehicles. The steering knuckles may have been manufactured with insufficiently tightened steering arms.","Volvo Trucks North America (Volvo Trucks) is recalling certain 2026 VOLVO VAH, VN, VHD, 2026-2027 VNL (4) and VNR (4) vehicles. The steering knuckles may have been manufactured with insufficiently tightened steering arms.",2026-09-11T05:05:46+00:00,2026-09-11T11:04:29+00:00
10ee5c39588ae298,26V443,remedy,"Dealer will replace the rear brake caliper, free of charge. Owner notification letters are expected to be mailed September 2, 2026. Owners may contact KTM and Husqvarna customer service at 1-888-985-6090. Vehicle Identification Numbers (VINs) involved in this recall will become searchable on NHTSA.gov July 15, 2026.","Dealer will replace the rear brake caliper, free of charge. Owner notification letters were mailed August 31, 2026. Owners may contact KTM and Husqvarna customer service at 1-888-985-6090. Vehicle Identification Numbers (VINs) involved in this recall will become searchable on NHTSA.gov July 15, 2026.",2026-09-11T05:05:46+00:00,2026-09-11T11:04:29+00:00
425d548a36c0bd97,26V437,remedy,"Dealers will inspect the rear axle carrier sub-assembly code, and replace the sub-assemblies as necessary, free of charge. Owner notification letters are expected to be mailed August 23, 2026. Owners may contact Toyota's customer service at 1-800-331-4331. Toyota's numbers for this recall are 26TB13, 26TA13, 26LB08, and 26LA08.","Dealers will inspect the rear axle carrier sub-assembly code, and replace the sub-assemblies as necessary, free of charge. Owner notification letters were mailed September 8, 2026. Owners may contact Toyota's customer service at 1-800-331-4331. Toyota's numbers for this recall are 26TB13, 26TA13, 26LB08, and 26LA08.",2026-09-11T05:05:46+00:00,2026-09-11T11:04:29+00:00
3fcdf4376d68ea06,26V425,remedy,"Dealers will replace the rear outboard seat belt assemblies, free of charge. Interim letters, notifying owners of the safety risk, were mailed July 28, 2026. Additional letters will be sent once the remedy is available, anticipated in December 2026. Owners may contact Nissan's customer service at 800-647-7261. Nissan's number for this recall is R26A7. Vehicle Identification Numbers (VINs) involved in this recall became searchable on NHTSA.gov on July 7, 2026.","Dealers will replace the rear outboard seat belt assemblies, free of charge. Interim letters, notifying owners of the safety risk, were mailed July 28, 2026. Additional letters will be sent once the remedy is available, anticipated October 28, 2026. Owners may contact Nissan's customer service at 800-647-7261. Nissan's number for this recall is R26A7. Vehicle Identification Numbers (VINs) involved in this recall became searchable on NHTSA.gov on July 7, 2026.",2026-09-11T05:05:46+00:00,2026-09-11T11:04:29+00:00
28c27706fe735394,26V290,remedy,"The remedy is currently under development. Interim owner notification letters explaining the safety risk are expected to be mailed June 25, 2026. Additional letters will be sent once the final remedy becomes available. Owners may contact FCA customer service at 1-800-853-1403. FCA's number for this recall is 40D. Vehicle Identification Numbers (VINs) involved in this recall will become searchable on NHTSA.gov beginning May 14, 2026.","Dealers will update the Drivetrain Control Drivetrain Control Module, PTU, and Electronic Park Brake software, and replace the PTU, as necessary, free of charge. Interim owner notification letters explaining the safety risk are expected to be mailed June 25, 2026. Additional letters will be sent once the final remedy becomes available. Owners may contact FCA customer service at 1-800-853-1403. FCA's number for this recall is 40D. Vehicle Identification Numbers (VINs) involved in this recall will become searchable on NHTSA.gov beginning May 14, 2026.",2026-09-11T04:19:54+00:00,2026-09-11T10:19:13+00:00
f6a5dfca2bbab0c9,26V188,remedy,"Owners are advised to park outside and away from structures and should not charge their vehicles until the remedy is completed. Dealers will replace the battery modules or the battery, free of charge. Owner letters were mailed September 2, 2026. Owners may contact Nissan's customer service at 800-647-7261. Nissan's number for this recall is R25F1. Vehicle Identification Numbers (VINs) involved in this recall became searchable on NHTSA.gov on March 27, 2026.","Owners are advised to park outside and away from structures and should not charge their vehicles until the remedy is completed. Dealers will inspect and replace the battery modules, as necessary, free of charge. Owner letters were mailed September 2, 2026. Owners may contact Nissan's customer service at 800-647-7261. Nissan's number for this recall is R25F1. Vehicle Identification Numbers (VINs) involved in this recall became searchable on NHTSA.gov on March 27, 2026.",2026-09-11T04:04:35+00:00,2026-09-11T10:05:35+00:00
6ed370cad39a2f98,26V547,remedy,"Dealers will replace the engine compartment wiring harness ground terminals, free of charge. Interim letters, notifying owners of the safety risk, are expected to be mailed August 31, 2026. Additional letters will be sent once the remedy is available, anticipated in March 2027. Owners may contact Ford customer service at 1-866-436-7332. Ford's number for this recall is 26C40. Vehicle Identification Numbers (VINs) involved in this recall became searchable on NHTSA.gov on August 28, 2026.","Dealers will replace the engine compartment wiring harness ground terminals, free of charge. Interim letters, notifying owners of the safety risk, were mailed September 5, 2026. Additional letters will be sent once the remedy is available, anticipated in March 2027. Owners may contact Ford customer service at 1-866-436-7332. Ford's number for this recall is 26C40. Vehicle Identification Numbers (VINs) involved in this recall became searchable on NHTSA.gov on August 28, 2026.",2026-09-11T03:20:31+00:00,2026-09-11T09:03:50+00:00
23fd902b1809b8ec,26C004,remedy,"The remedy for this recall is currently under development. Interim letters, notifying owners of the safety risk, are expected to be mailed August 17, 2026. Additional letters will be sent once the remedy is available. Owners may contact Evenflo customer service at 1-800-233-5921.","The remedy for this recall is currently under development. Interim letters, notifying owners of the safety risk, were mailed September 1, 2026. Additional letters will be sent once the remedy is available. Owners may contact Evenflo customer service at 1-800-233-5921.",2026-09-09T10:58:55+00:00,2026-09-10T14:03:15+00:00
a64d83367d6d5c99,26V450,remedy,"Dealers will inspect and replace the printed circuit board as necessary, free of charge. Owner notification letters are expected to be mailed September 4, 2026. Owners may contact Winnebago customer service at 1-641-585-6939 or 1-800-537-1885. Winnebago's number for this recall is 209.","Dealers will inspect and replace the printed circuit board as necessary, free of charge. Owner notification letters were mailed September 4, 2026. Owners may contact Winnebago customer service at 1-641-585-6939 or 1-800-537-1885. Winnebago's number for this recall is 209.",2026-09-10T06:05:32+00:00,2026-09-10T11:48:50+00:00
256f969768003c90,26V529,remedy,"Dealers will update the body control module (BCM) software, free of charge. Owner notification letters will be mailed beginning September 3, 2026. Owners may contact Chrysler customer service at 1-800-853-1403. Chrysler's number for this recall is 77D. Vehicle Identification Numbers (VINs) involved in this recall will become searchable on NHTSA.gov on August 20, 2026.","Dealers will update the body control module (BCM) software, free of charge. Owner notification letters were mailed September 3, 2026. Owners may contact Chrysler customer service at 1-800-853-1403. Chrysler's number for this recall is 77D. Vehicle Identification Numbers (VINs) involved in this recall will become searchable on NHTSA.gov on August 20, 2026.",2026-09-10T04:19:02+00:00,2026-09-10T09:50:10+00:00
028f1fc324079178,26V091,remedy,"Dealers will update the battery energy control module (BECM) and hybrid powertrain control module (HPCM) software, free of charge. Owners are advised to only use ""Auto EV"" mode and will be instructed by mail to limit the maximum charge of the battery until the remedy has been completed. Interim letters, notifying owners of the safety risk, and instructions to limit the maximum charge of the battery were mailed February 26, 2026. Additional letters will be sent once the final remedy is available. Owners may contact Ford customer service at 1-866-436-7332. Ford's number for this recall is 25SC4. This recall expands previous recall numbers 24V954 and 25V489. Vehicle Identification Numbers (VINs) involved in this recall became searchable on NHTSA.gov on February 18, 2026.","Dealers will update the battery energy control module (BECM) and hybrid powertrain control module (HPCM) software, free of charge. Owners are advised to only use ""Auto EV"" mode and will be instructed by mail to limit the maximum charge of the battery until the remedy has been completed. Owner notification letters were mailed September 4, 2026. Owners may contact Ford customer service at 1-866-436-7332. Ford's number for this recall is 25SC4. This recall expands previous recall numbers 24V954 and 25V489. Vehicle Identification Numbers (VINs) involved in this recall became searchable on NHTSA.gov on February 18, 2026.",2026-09-09T06:04:40+00:00,2026-09-09T12:05:29+00:00
b576832375cf1e3f,26V548,remedy,"Dealers will inspect the engine pistons and replace the engine long block, if necessary, free of charge. Interim letters, notifying owners of the safety risk, are expected to be mailed September 4, 2026. Additional letters will be sent once the remedy is available, anticipated in December 2026. Owners may contact Ford customer service at 1-866-436-7332. Ford's number for this recall is 26S61. Vehicle Identification Numbers (VINs) involved in this recall became searchable on NHTSA.gov on August 28, 2026.","Dealers will inspect the engine pistons and replace the engine long block, if necessary, free of charge. Interim letters, notifying owners of the safety risk, were mailed September 3, 2026. Additional letters will be sent once the remedy is available, anticipated in December 2026. Owners may contact Ford customer service at 1-866-436-7332. Ford's number for this recall is 26S61. Vehicle Identification Numbers (VINs) involved in this recall became searchable on NHTSA.gov on August 28, 2026.",2026-09-09T05:34:02+00:00,2026-09-09T11:35:44+00:00
5934038d36db13f8,25V789,remedy,"Dealers will update the battery energy control module (BECM) and hybrid powertrain control module (HPCM), free of charge. Owners are advised to only use ""Auto EV"" mode and will be instructed by mail to limit the maximum charge of the battery until the remedy has been completed. Interim letters, notifying owners of the safety risk, and instructions to limit the maximum charge of the battery were mailed December 8, 2025. Additional letters will be sent once the final remedy is available. Owners may contact Ford customer service at 1-866-436-7332. Ford's number for this recall is 25SC4. Vehicles in this recall were previously recalled under 24V954 and will need to have the new remedy performed. Vehicle Identification Numbers (VINs) involved in this recall became searchable on NHTSA.gov on November 18, 2025.","Dealers will update the battery energy control module (BECM) and hybrid powertrain control module (HPCM), free of charge. Owners are advised to only use ""Auto EV"" mode and will be instructed by mail to limit the maximum charge of the battery until the remedy has been completed. Owner notification letters were mailed September 4, 2026. Owners may contact Ford customer service at 1-866-436-7332. Ford's number for this recall is 25SC4. Vehicles in this recall were previously recalled under 24V954 and will need to have the new remedy performed. Vehicle Identification Numbers (VINs) involved in this recall became searchable on NHTSA.gov on November 18, 2025.",2026-09-09T04:50:44+00:00,2026-09-09T10:50:31+00:00
556f3597845685e5,26V470,remedy,"Dealers will disable the driver seat module (DSM) feature until parts are available. Once available, the motor will be replaced. Repairs will be performed free of charge. Interim letters, notifying owners of the safety risk, are expected to be mailed August 31, 2026. Additional letters will be sent once the remedy is available, anticipated in October 2026. Owners may contact Ford customer service at 1-866-436-7332. Ford's number for this recall is 26S53.","Dealers will disable the driver seat module (DSM) feature until parts are available. Once available, the motor will be replaced. Repairs will be performed free of charge. Owner notification letters were mailed September 3, 2026. Owners may contact Ford customer service at 1-866-436-7332. Ford's number for this recall is 26S53.",2026-09-09T02:04:48+00:00,2026-09-09T07:34:43+00:00
2fd8e5c3acafb10f,26V435,remedy,"Wabash will repair the stirrup steps, free of charge. Owner notification letters are expected to be mailed September 4, 2026. Owners may contact Wabash customer service at 1-765-771-5404.","Wabash will repair the stirrup steps, free of charge. Interim owner notification letters explaining the safety risk were mailed by September 3, 2026. Owners will receive another notice once remedy becomes available. Owners may contact Wabash customer service at 1-765-771-5404.",2026-09-09T01:50:10+00:00,2026-09-09T07:19:05+00:00
92414b030d30c37e,26V403,remedy,"Dealers will inspect and repair, or replace the fender flares as necessary, free of charge. Interim letters, notifying owners of the safety risk, were mailed August 11, 2026. Additional letters will be sent once the remedy is available, anticipated in late August 2026. Owners may contact Ford customer service at 1-866-436-7332. Ford's number for this recall is 26S47. Vehicle Identification Numbers (VINs) involved in this recall will be searchable on NHTSA.gov beginning August 7, 2026.","Dealers will inspect and repair, or replace the fender flares as necessary, free of charge. Owner notification letters were mailed September 1, 2026. Owners may contact Ford customer service at 1-866-436-7332. Ford's number for this recall is 26S47. Vehicle Identification Numbers (VINs) involved in this recall will be searchable on NHTSA.gov beginning August 7, 2026.",2026-09-09T01:34:49+00:00,2026-09-09T07:06:02+00:00
20eda7fb23d455d5,26V340,remedy,"Owners are advised not to drive their vehicles until the remedy is completed. Dealers will inspect and repair the front lower control arm ball joints as necessary, free of charge. Interim letters, notifying owners of the safety risk, were mailed June 4, 2026. Additional letters will be sent once the remedy is available. Owners may contact Ford customer service at 1-866-436-7332. Ford's number for this recall is 26S36. Vehicle Identification Numbers (VINs) involved in this recall became searchable on NHTSA.gov on May 29, 2026.","Owners are advised not to drive their vehicles until the remedy is completed. Dealers will inspect and repair the front lower control arm ball joints as necessary, free of charge.Owner notification letters were mailed September 2, 2026. Owners may contact Ford customer service at 1-866-436-7332. Ford's number for this recall is 26S36. Vehicle Identification Numbers (VINs) involved in this recall became searchable on NHTSA.gov on May 29, 2026.",2026-09-09T01:19:02+00:00,2026-09-09T07:05:00+00:00
83bb063a08066924,26V455,remedy,"Dealers will install new labels, free of charge. Additionally, Nissan will mail replacement labels to owners. Interim letters notifying owners of the safety risk are expected to be mailed August 21, 2026. Additional letters will be sent once the final remedy is available. Owners may contact Nissan customer service at 1-800-867-7669. Nissan's numbers for this recall are R26B1 and P6A13/4. Vehicle Identification Numbers (VINs) involved in this recall became searchable on NHTSA.gov on July 16, 2026.","Dealers will install new labels, free of charge. Additionally, Nissan will mail replacement labels to owners. Interim letters notifying owners of the safety risk were mailed September 2, 2026. Additional letters will be sent once the final remedy is available, anticipated Fall 2026. Owners may contact Nissan customer service at 1-800-867-7669. Nissan's numbers for this recall are R26B1 and P6A13/4. Vehicle Identification Numbers (VINs) involved in this recall became searchable on NHTSA.gov on July 16, 2026.",2026-09-05T05:02:36+00:00,2026-09-05T11:16:58+00:00
adff06ea7730b0e6,26V441,remedy,"Owners are advised to park outside and away from structures until the remedy is complete. Dealers will replace the engine starter, free of charge. Owner notification letters are expected to be mailed August 28, 2026. Owners may contact BMW customer service at 1-800-525-7417. Vehicle Identification Numbers (VINs) involved in this recall will become searchable on NHTSA.gov beginning August 28, 2026.","Owners are advised to park outside and away from structures until the remedy is complete. Dealers will replace the engine starter, free of charge. Letters informing owners of the safety risk were mailed September 3, 2026. Another letter will be mailed after the remedy is confirmed. Owners may contact BMW customer service at 1-800-525-7417. Vehicle Identification Numbers (VINs) involved in this recall will become searchable on NHTSA.gov beginning August 28, 2026.",2026-09-05T05:02:36+00:00,2026-09-05T11:16:58+00:00
fa32e129e6a3c591,26V438,remedy,"Dealers will replace the engine starter, free of charge. Owner notification letters are expected to be mailed on August 28, 2026. Owners may contact BMW customer service at 1-800-525-7417 or Toyota's customer service at 1-800-331-4331. Vehicle Identification Numbers (VINs) involved in this recall will be searchable on NHTSA.gov beginning August 28, 2026. This recall is an expansion of previous NHTSA recall 26V056.","Dealers will replace the engine starter, free of charge. Owner notification letters were mailed on August 31, 2026. Owners may contact BMW customer service at 1-800-525-7417 or Toyota's customer service at 1-800-331-4331. Vehicle Identification Numbers (VINs) involved in this recall will be searchable on NHTSA.gov beginning August 28, 2026. This recall is an expansion of previous NHTSA recall 26V056.",2026-09-05T05:02:36+00:00,2026-09-05T11:16:58+00:00
e8eda3e55b9ea3c8,26V188,remedy,"Owners are advised to park outside and away from structures and should not charge their vehicles until the remedy is completed. Dealers will replace the battery modules or the battery, free of charge. Interim letters notifying owners of the safety risk were mailed April 24, 2026. Additional letters will be sent once the final remedy is available, anticipated in early August 2026. Owners may contact Nissan's customer service at 800-647-7261. Nissan's number for this recall is R25F1. Vehicle Identification Numbers (VINs) involved in this recall became searchable on NHTSA.gov on March 27, 2026.","Owners are advised to park outside and away from structures and should not charge their vehicles until the remedy is completed. Dealers will replace the battery modules or the battery, free of charge. Owner letters were mailed September 2, 2026. Owners may contact Nissan's customer service at 800-647-7261. Nissan's number for this recall is R25F1. Vehicle Identification Numbers (VINs) involved in this recall became searchable on NHTSA.gov on March 27, 2026.",2026-09-05T04:02:35+00:00,2026-09-05T10:23:04+00:00
54f3ace9421cf190,26V568,remedy,"Marathon Industries will work with the supplier, Hiab, to inspect the platform bushings and hydraulic systems and replace the deck pins, free of charge. The manufacturer has not yet provided a schedule for recall notification. Owner may contact Marathon Industries' customer service at 1-661-286-1520.","Marathon Industries will work with the supplier, Hiab, to inspect the platform bushings and hydraulic systems and replace the deck pins, free of charge. Owner notification letters are expected to be mailed September 2026. Owner may contact Marathon Industries' customer service at 1-661-286-1520.",2026-09-05T03:09:17+00:00,2026-09-05T09:15:54+00:00
144273b37486ce3c,26V469,remedy,"Dealers will replace the labels, free of charge. Additionally, Ember will mail replacement labels to owners. Owner notification letters are expected to be mailed August 3, 2026. Owners may contact Ember customer service at 1-844-732-4204.","Dealers will replace the labels, free of charge. Additionally, Ember will mail replacement labels to owners. Owner notification letters were mailed August 5, 2026. Owners may contact Ember customer service at 1-844-732-4204.",2026-09-04T03:59:22+00:00,2026-09-04T10:05:09+00:00
a4452b48d8eabc15,26C005,remedy,"The remedy for this recall is currently under development. Interim letters, notifying owners of the safety risk, are expected to be mailed beginning September 1, 2026. Additional letters will be sent once the remedy is available. Owners may contact Evenflo customer service at 1-800-233-5921.","The remedy for this recall is currently under development. Interim letters, notifying owners of the safety risk, are expected to be mailed beginning September 1, 2026. Additional letters will be sent once the remedy is available, anticipated November 2026. Owners may contact Evenflo customer service at 1-800-233-5921.",2026-09-02T14:06:57+00:00,2026-09-04T04:05:11+00:00
2d2ce47355b84060,26V357,remedy,"Dealers will replace the seat belt, free of charge. Owner notification letters are expected to be mailed June 22, 2026. Owners may contact Braun's customer service at 1-800-488-0359.","Dealers will replace the seat belt, free of charge. Owners may contact Braun's customer service at 1-800-488-0359.",2026-09-03T07:02:06+00:00,2026-09-03T13:50:16+00:00
c2df9061289295e7,26V203,remedy,"Dealers will update the software for the pedestrian warning sounds, free of charge. Interim letters notifying owners of the safety risk were mailed June 2, 2026. Additional letters will be sent once the final remedy is available. Owners may contact Toyota's customer service at 1-800-331-4331. Toyota's numbers for this recall are 26TB08 and 26TA08.","Dealers will update the software for the pedestrian warning sounds, free of charge. Owner letters were mailed September 1, 2026. Owners may contact Toyota's customer service at 1-800-331-4331. Toyota's numbers for this recall are 26TB08 and 26TA08.",2026-09-03T06:31:33+00:00,2026-09-03T13:16:13+00:00
772184f75d9655be,26V552,remedy,"Jayco will mail replacement labels to owners, free of charge. Owner notification letters are expected to be mailed September 30, 2026. Owners may contact Jayco customer service at 1-800-283-8267. Jayco's number for this recall is 9901666.","Jayco will mail replacement labels to owners, free of charge. Owner notification letters were mailed September 1, 2026. Owners may contact Jayco customer service at 1-800-283-8267. Jayco's number for this recall is 9901666.",2026-09-03T05:30:26+00:00,2026-09-03T12:26:39+00:00
ef1359dddb69740b,26V528,remedy,"The remedy is currently under development. Owner notification letters are expected to be mailed beginning September 10, 2026. Owners may contact Chrysler customer service at 1-800-853-1403. Chrysler's number for this recall is 61D. Vehicle Identification Numbers (VINs) involved in this recall will become searchable on NHTSA.gov on August 20, 2026. Vehicles in this recall were previously recalled under 21V842 or 23V115. Vehicles repaired under the prior recalls will need the new repair completed.","Dealers will inspect and replace or repair the spoiler and align the liftgate as necessary, free of charge. Owner notification letters are expected to be mailed beginning September 10, 2026. Owners may contact Chrysler customer service at 1-800-853-1403. Chrysler's number for this recall is 61D. Vehicle Identification Numbers (VINs) involved in this recall will become searchable on NHTSA.gov on August 20, 2026. Vehicles in this recall were previously recalled under 21V842 or 23V115. Vehicles repaired under the prior recalls will need the new repair completed.",2026-09-03T05:30:26+00:00,2026-09-03T12:26:39+00:00
54b25de61ad0bc9a,25V631,remedy,"Owners are advised to park outside and away from structures until the recall repair is complete. Owners are also advised to avoid charging vehicles above 75% capacity. New Flyer will replace the batteries, free of charge. This is a Phased campaign. Phase 1 will include 35 buses. New Flyer notified owners on 3/24/2026. Phase 2 will include 100 buses. New Flyer will notify owners on or about 6/15/2026. Phase 3 will include 120 buses. New Flyer will notify owners on or about 9/16/2026. Phase 4 will include 120 buses. New Flyer will notify owners on or about 12/14/2026. Phase 5 will include 120 buses. New Flyer will notify owners on or about 3/15/2027. Phase 6 will include 80 buses. New Flyer will notify owners on or about 6/14/2027. Phase 7 will include 80 buses. New Flyer will notify owners on or about 9/27/2027. Interim owner notification letters explaining the safety risk were mailed November 12, 2025. A second letter will be sent once the remedy is available. Owners may contact New Flyer's customer service at 1-800-241-2947.","Owners are advised to park outside and away from structures until the recall repair is complete. Owners are also advised to avoid charging vehicles above 75% capacity. New Flyer will replace the batteries, free of charge. This is a Phased campaign. Phase 1 will include 35 buses. New Flyer notified owners on 3/24/2026. Phase 2 will include 100 buses. New Flyer notified owners on 6/25/2026. Phase 3 will include 120 buses. New Flyer will notify owners on or about 9/16/2026. Phase 4 will include 120 buses. New Flyer will notify owners on or about 12/14/2026. Phase 5 will include 120 buses. New Flyer will notify owners on or about 3/15/2027. Phase 6 will include 80 buses. New Flyer will notify owners on or about 6/14/2027. Phase 7 will include 80 buses. New Flyer will notify owners on or about 9/27/2027. Interim owner notification letters explaining the safety risk were mailed November 12, 2025. A second letter will be sent once the remedy is available. Owners may contact New Flyer's customer service at 1-800-241-2947.",2026-09-03T04:22:34+00:00,2026-09-03T10:35:24+00:00
6837c21298886fe6,26V507,remedy,"The remedy is currently under development. Owner notification letters are expected to be mailed September 15, 2026. Owners may contact Tesla customer service at 1-877-798-3752. Tesla's number for this recall is SB-24-17-003.","The remedy is currently under development. Owner notification letters are expected to be mailed October 3, 2026. Owners may contact Tesla customer service at 1-877-798-3752. Tesla's number for this recall is SB-24-17-003.",2026-09-03T01:34:30+00:00,2026-09-03T07:50:17+00:00
f7e0fcc16600007d,26V459,remedy,"Dealers will install plastic saddles onto the positive interconnect cable and as necessary, install wind laces and a J-bolt between each battery, free of charge. Owner notification letters are expected to be mailed September 14, 2026. Owners may contact International customer service at 1-800-448-7825. International's number for this recall is 26510. This recall replaces and expands NHTSA Recall 25V534. Vehicles previously repaired under 25V534 will need the new remedy completed.","Dealers will install plastic saddles onto the positive interconnect cable, install wind laces and a J-bolt between each battery, free of charge. Owner notification letters are expected to be mailed October 26, 2026. Owners may contact International customer service at 1-800-448-7825. International's number for this recall is 26510. This recall replaces and expands NHTSA Recall 25V534. Vehicles previously repaired under 25V534 will need the new remedy completed.",2026-09-03T01:16:19+00:00,2026-09-03T07:32:32+00:00
2af0297a95a08cff,26V452,summary,"Hyundai Motor America (Hyundai) is recalling certain 2025 Kona Electric and 2026 Kona vehicles. The seat belt buckle in the rear center seat may fail to properly restrain an occupant during a crash.","Hyundai Motor America (Hyundai) is recalling certain 2024-2025 Kona Electric and 2024-2026 Kona vehicles. The seat belt buckle in the rear center seat may fail to properly restrain an occupant during a crash.",2026-09-03T01:16:19+00:00,2026-09-03T07:32:32+00:00
acff2eaf6d6ad970,26V448,remedy,"Dealers will inspect the roof rail covers and as necessary, repair or replace the push-pins, rail clips, or roof rail covers, free of charge. Interim letters, notifying owners of the safety risk, are expected to be mailed August 24, 2026. Additional letters will be sent once the remedy is available, anticipated in September 2026. Owners may contact Ford customer service at 1-866-436-7332. Ford's number for this recall is 26S54. This recall expands previous NHTSA recall number 21V316. Vehicle Identification Numbers (VINs) involved in this recall became searchable on NHTSA.gov on July 16, 2026.","Dealers will inspect the roof rail covers and as necessary, repair or replace the push-pins, rail clips, or roof rail covers, free of charge. Interim letters, notifying owners of the safety risk, were mailed August 28, 2026. Additional letters will be sent once the remedy is available, anticipated in January 2027. Owners may contact Ford customer service at 1-866-436-7332. Ford's number for this recall is 26S54. This recall expands previous NHTSA recall number 21V316. Vehicle Identification Numbers (VINs) involved in this recall became searchable on NHTSA.gov on July 16, 2026.",2026-09-03T01:16:19+00:00,2026-09-03T07:32:32+00:00
50517178e1a05e85,26V421,remedy,"Dealers will inspect and replace the headlight assemblies, as necessary, free of charge. Interim notification letters, notifying owners of the safety risk, are expected to be mailed July, 30, 2026. Additional letters will be sent once the final remedy is available. Owners may contact Chrysler customer service at 800-853-1403. Chrysler's number for this recall is 62D. Vehicle Identification Numbers (VINs) involved in this recall will become searchable on NHTSA.gov beginning July 9, 2026.","Dealers will inspect and replace the headlight assemblies, as necessary, free of charge. Interim notification letters, notifying owners of the safety risk, were mailed July, 30, 2026. Additional letters will be sent once the final remedy is available, anticipated October 2026. Owners may contact Chrysler customer service at 800-853-1403. Chrysler's number for this recall is 62D. Vehicle Identification Numbers (VINs) involved in this recall will become searchable on NHTSA.gov beginning July 9, 2026.",2026-09-03T01:16:19+00:00,2026-09-03T07:32:32+00:00
5d157f93d7e2c670,26V408,remedy,"Dealers will reconfigure the entrance door system wiring, free of charge. Interim notification letters, notifying owners of the safety risk, were mailed August 25, 2026. Additional letters will be sent once the final remedy is available. Owners may contact DTNA customer service at 1-800-574-0712. DTNA's number for this recall is F1035.","Dealers will replace the door relay for the entrance door system, free of charge. Interim notification letters, notifying owners of the safety risk, were mailed August 25, 2026. Additional letters will be sent once the final remedy is available, anticipated October 2026. Owners may contact DTNA customer service at 1-800-574-0712. DTNA's number for this recall is F1035.",2026-09-03T01:16:19+00:00,2026-09-03T07:32:32+00:00
52631b23b17fd4a0,26V407,remedy,"Dealers will reconfigure the entrance door system wiring, free of charge. Interim notification letters, notifying owners of the safety risk, were mailed August 25, 2026. Additional letters will be sent once the final remedy is available. Owners may contact DTNA customer service at 1-800-574-0712. DTNA's number for this recall is F1035.","Dealers will replace the door relay for the entrance door system, free of charge. Interim notification letters, notifying owners of the safety risk, were mailed August 25, 2026. Additional letters will be sent once the final remedy is available, anticipated October 2026. Owners may contact DTNA customer service at 1-800-574-0712. DTNA's number for this recall is F1035.",2026-09-03T01:07:52+00:00,2026-09-03T07:20:55+00:00
729496267d49d51f,26E039,remedy,"Dealers will inspect and replace the transmission control valve assembly as necessary, free of charge. Owner notification letters are expected to be mailed August 19, 2026. Owners may contact Nissan's customer service at 1-800-867-7669. Nissan's number for this recall is PD199.","Dealers will inspect and replace the transmission control valve assembly as necessary, free of charge. Owner notification letters were mailed August 31, 2026. Owners may contact Nissan's customer service at 1-800-867-7669. Nissan's number for this recall is PD199.",2026-09-01T04:37:29+00:00,2026-09-02T14:11:57+00:00
097c005fedd853e9,26E038,remedy,"Dealers will correct the wiring by install two diodes, free of charge. Owner notification letters were mailed June 29, 2026. Owners may contact Ricon customer service at 1-800-322-2884.","Dealers will correct the wiring by installing two diodes, free of charge. Owner notification letters were mailed June 29, 2026. Owners may contact Ricon customer service at 1-800-322-2884.",2026-09-01T04:37:29+00:00,2026-09-02T14:11:57+00:00
5dd6da8e19de29e7,26V419,remedy,"Dealers will inspect and replace the transmission control valve assembly as necessary, free of charge. Owner notification letters are expected to be mailed August 19, 2026. Owners may contact Nissan's customer service at 800-647-7261. Nissan's number for this recall is PD198. Vehicle Identification Numbers (VINs) involved in this recall became searchable on NHTSA.gov on July 2, 2026.","Dealers will inspect and replace the transmission control valve assembly as necessary, free of charge. Owner notification letters were mailed August 31, 2026. Owners may contact Nissan's customer service at 800-647-7261. Nissan's number for this recall is PD198. Vehicle Identification Numbers (VINs) involved in this recall became searchable on NHTSA.gov on July 2, 2026.",2026-09-02T06:16:57+00:00,2026-09-02T12:44:21+00:00
70f0e17d8a46b3de,26V395,remedy,"Farber Specialty will work with Akron Brass to update the firmware and repair the power line, free of charge. Owner notification letters are expected to be mailed June 25, 2026. Owners may contact Farber customer service at 1-800-331-3188.","Farber Specialty will work with Akron Brass to update the firmware and repair the power line, free of charge. Owner notification letters were mailed August 17, 2026. Owners may contact Farber customer service at 1-800-331-3188.",2026-09-02T06:08:02+00:00,2026-09-02T12:17:38+00:00
67acef9d9755742d,26V355,remedy,"Nova Bus will update the firmware, free of charge. Interim owner notification letters explaining the safety risk were mailed by July 17, 2026. Owners will receive another notice once remedy becomes available. Owners may contact Nova Bus customer service at 1-450-472-6410. Nova Bus' number for this recall is CR5918.","Nova Bus will update the firmware, free of charge. Interim owner notification letters explaining the safety risk were mailed by July 17, 2026. Owners will receive another notice once remedy becomes available. Owners may contact Nova Bus customer service at 1-450-472-6410. Nova Bus' number for this recall is CR5918. Vehicle Identification Numbers (VINs) involved in this recall will be searchable on NHTSA.gov beginning October 2, 2026.",2026-09-02T05:47:07+00:00,2026-09-02T12:14:18+00:00
fa2a4ddef958c812,26V300,remedy,"Nova Bus will replace the plastic panel door, free of charge. Owner notification letters are expected to be mailed July 11, 2026. Owners may contact Nova Bus customer service at 1-450-472-6410. Nova Bus' number for this recall is CR5884. Vehicle Identification Numbers (VINs) involved in this recall will be searchable on NHTSA.gov beginning July 11, 2026.","Nova Bus will replace the plastic panel door, free of charge. Interim owner notification letters explaining the safety risk were mailed by July 7, 2026. Owners will receive another notice once remedy becomes available. Owners may contact Nova Bus customer service at 1-450-472-6410. Nova Bus' number for this recall is CR5884. Vehicle Identification Numbers (VINs) involved in this recall will be searchable on NHTSA.gov beginning October 23, 2026.",2026-09-02T05:47:07+00:00,2026-09-02T12:14:18+00:00
8c0e6324dd77a205,26V288,summary,"Chryser (FCA US LLC) is recalling certain 2023-2026 Ram 2500 Pick up trucks. A software error in the powertrain control module may improperly allow the vehicle speed to exceed the tire speed rating, which can result in a loss of vehicle control.","Chrysler (FCA US LLC) is recalling certain 2023-2026 Ram 2500 Pick up trucks. A software error in the powertrain control module may improperly allow the vehicle speed to exceed the tire speed rating, which can result in a loss of vehicle control.",2026-09-02T05:34:35+00:00,2026-09-02T11:47:08+00:00
13adcb6286dd1821,26V077,remedy,"Nova Bus will replace the attachment brackets, free of charge. Interim owner notification letters explaining the safety risk were mailed by April 10, 2026. Owners will receive another notice once remedy becomes available. Owners may contact Nova Bus customer service at 1-450-472-6410. Vehicle Identification Numbers (VINs) involved in this recall will be searchable on NHTSA.gov beginning September 25, 2026.","Nova Bus will replace the attachment brackets, free of charge. Interim owner notification letters explaining the safety risk were mailed by April 10, 2026. Owners will receive another notice once remedy becomes available. Owners may contact Nova Bus customer service at 1-450-472-6410. Vehicle Identification Numbers (VINs) involved in this recall will be searchable on NHTSA.gov beginning December 4, 2026.",2026-09-02T04:46:56+00:00,2026-09-02T11:02:14+00:00
5e8e4b605c44e562,25V101,remedy,"Nova Bus will replace some windows with emergency exit windows, free of charge. This is a Phased campaign. Phase 1 will include 1 bus. Nova Bus will notify owners on or about 12/12/2025. Phase 2 will include 1 bus. Nova Bus will notify owners on or about 2/16/2026. Owner notification letters were mailed December 12, 2025. Owners may contact Nova Bus customer service at 866-870-2046. Nova Bus's number for this recall is CR5691.","Nova Bus will replace some windows with emergency exit windows, free of charge. This is a Phased campaign. Phase 1 will include 1 bus. Nova Bus will notify owners on or about 12/12/2025. Phase 2 will include 1 bus. Nova Bus will notify owners on or about 2/16/2026. Owner notification letters were mailed December 12, 2025. Owners may contact Nova Bus customer service at 866-870-2046. Nova Bus's number for this recall is CR5772.",2026-09-02T00:32:06+00:00,2026-09-02T07:13:46+00:00
bf1f9ab1b4cc16d7,26V494,remedy,"Dealers will replace the high voltage battery, free of charge. Owner notification letters are expected to be mailed September 14, 2026. Owners may contact Cadillac customer service at 1-800-333-4223, GMC customer service at 1-800-462-8782, and Chevrolet customer service at 1-800-222-1020. GM's number for this recall is N262562600. Vehicle Identification Numbers (VINs) involved in this recall became searchable on NHTSA.gov on July 30, 2026.","Dealers will replace the high voltage battery, free of charge. Owner notification letters were mailed August 24, 2026. Owners may contact Cadillac customer service at 1-800-333-4223, GMC customer service at 1-800-462-8782, and Chevrolet customer service at 1-800-222-1020. GM's number for this recall is N262562600. Vehicle Identification Numbers (VINs) involved in this recall became searchable on NHTSA.gov on July 30, 2026.",2026-09-01T03:47:34+00:00,2026-09-01T11:00:19+00:00
41d44b15775948b5,26V449,remedy,"Wabash will work with Hiab to replace the deck pins and bushing kits, free of charge. Owner notification letters are expected to be mailed August 31, 2026. Owners may contact Wabash customer service at 1-765-771-5404.","Wabash will work with Hiab to replace the deck pins and bushing kits, free of charge. Owner notification letters were mailed August 27, 2026. Owners may contact Wabash customer service at 1-765-771-5404.",2026-09-01T03:39:41+00:00,2026-09-01T10:34:09+00:00
269de665903694e3,26V436,remedy,"Subaru will mail a new certification label to owners, free of charge. Owners may also choose to have a dealer install the new label, free of charge. Letters informing owners of the safety risk are expected to be mailed August 25, 2026. Additional letters will be mailed once the remedy is available. Owners may contact Subaru customer service at 1-844-373-6614. Subaru's number for this recall is WRH-26.","Subaru will mail a new certification label to owners, free of charge. Owners may also choose to have a dealer install the new label, free of charge. Letters informing owners of the safety risk were mailed August 24, 2026. Additional letters will be mailed once the remedy is available. Owners may contact Subaru customer service at 1-844-373-6614. Subaru's number for this recall is WRH-26.",2026-09-01T03:39:41+00:00,2026-09-01T10:34:09+00:00
a6bdf03ead89a433,25V767,remedy,"Dealers will perform an inspection on the #1 main bearing using vehicle inspection software and drive data, and if necessary, replace the engine. Repairs will be performed free of charge. Interim letters notifying owners of the safety risk were mailed December 16, 2025. Additional letters will be sent once the final remedy is available. Owners may contact Toyota's customer service at 1-800-331-4331. Toyota's numbers for this recall are 25TB14 and 25TA14. Lexus' numbers for this recall are 25LB07 and 25LA07. This recall expands previous NHTSA recall number 24V381.","Dealers will perform an inspection on the #1 main bearing using vehicle inspection software and drive data, and if necessary, replace the engine. Repairs will be performed free of charge. Owner letters were mailed August 28, 2026. Owners may contact Toyota's customer service at 1-800-331-4331. Toyota's numbers for this recall are 25TB14 and 25TA14. Lexus' numbers for this recall are 25LB07 and 25LA07. This recall expands previous NHTSA recall number 24V381.",2026-09-01T00:24:40+00:00,2026-09-01T07:35:25+00:00
194bcc24d6721bdc,26V413,remedy,"Dealers will update the shifter module software, free of charge. Owner notification letters are expected to be mailed August 21, 2026. Owners may contact Chrysler customer service at 800-853-1403. Chrysler's number for this recall is 30D. Vehicle Identification Numbers (VINs) involved in this recall will become searchable on NHTSA.gov beginning July 9, 2026.","Dealers will update the shifter module software, free of charge. Owner notification letters were mailed August 20, 2026. Owners may contact Chrysler customer service at 800-853-1403. Chrysler's number for this recall is 30D. Vehicle Identification Numbers (VINs) involved in this recall will become searchable on NHTSA.gov beginning July 9, 2026.",2026-08-29T04:16:36+00:00,2026-08-29T11:05:33+00:00
9584f67fabfab856,26V412,remedy,"Dealers will replace the circuit board, free of charge. Owner notification letters are expected to be mailed August 28, 2026. Owners may contact Tiffin customer service at 1-256-356-8661. Tiffin's number for this recall is TIF-149. Vehicle Identification Numbers (VINs) involved in this recall will be searchable on NHTSA.gov beginning August 28, 2026.","Dealers will replace the circuit board, free of charge. Owner notification letters were mailed August 26, 2026. Owners may contact Tiffin customer service at 1-256-356-8661. Tiffin's number for this recall is TIF-149. Vehicle Identification Numbers (VINs) involved in this recall will be searchable on NHTSA.gov beginning August 28, 2026.",2026-08-29T04:16:36+00:00,2026-08-29T11:05:33+00:00
2d8cdfa1c3a247a7,26V408,remedy,"Dealers will reconfigure the entrance door system wiring, free of charge. Owner notification letters are expected to be mailed August 25, 2026. Owners may contact DTNA customer service at 1-800-574-0712. DTNA's number for this recall is F1035.","Dealers will reconfigure the entrance door system wiring, free of charge. Interim notification letters, notifying owners of the safety risk, were mailed August 25, 2026. Additional letters will be sent once the final remedy is available. Owners may contact DTNA customer service at 1-800-574-0712. DTNA's number for this recall is F1035.",2026-08-29T04:16:36+00:00,2026-08-29T11:05:33+00:00
2e009627720ccc7c,26V407,remedy,"Dealers will reconfigure the entrance door system wiring, free of charge. Owner notification letters are expected to be mailed August 25, 2026. Owners may contact DTNA customer service at 1-800-574-0712. DTNA's number for this recall is F1035.","Dealers will reconfigure the entrance door system wiring, free of charge. Interim notification letters, notifying owners of the safety risk, were mailed August 25, 2026. Additional letters will be sent once the final remedy is available. Owners may contact DTNA customer service at 1-800-574-0712. DTNA's number for this recall is F1035.",2026-08-29T03:54:40+00:00,2026-08-29T10:46:22+00:00
e0734387a98bb65f,26V405,remedy,"Dealers will replace the steering gear assembly bolts, free of charge. Owner notification letters are expected to be mailed August 10, 2026. Harbinger's number for this recall is REC-04-00003.","Dealers will replace the steering gear assembly bolts, free of charge. Owner notification letters were mailed August 21, 2026. Harbinger's number for this recall is REC-04-00003.",2026-08-28T06:10:30+00:00,2026-08-28T13:02:09+00:00
61ba6ab1fbae2617,26V206,remedy,"Nova Bus will inspect and replace the glass as necessary, free of charge. Interim letters notifying owners of the safety risk were mailed May 29, 2026. Owners will receive another notice once remedy becomes available. Owners may contact Nova Bus customer service at 1-450-472-6410. Nova Bus' number for this recall is CR5877. Vehicle Identification Numbers (VINs) involved in this recall will be searchable on NHTSA.gov beginning May 30, 2026.","Nova Bus will inspect and replace the glass as necessary, free of charge. Interim letters notifying owners of the safety risk were mailed May 29, 2026. Owners will receive another notice once remedy becomes available. Owners may contact Nova Bus customer service at 1-450-472-6410. Nova Bus' number for this recall is CR5877. Vehicle Identification Numbers (VINs) involved in this recall will be searchable on NHTSA.gov beginning September 25, 2026.",2026-08-28T05:16:58+00:00,2026-08-28T12:17:23+00:00
0d4e11ab050faaea,26V533,remedy,"Halcore will work with Akron Brass to update the firmware and repair the power line, free of charge. Owner notification letters are expected to be mailed October 5, 2026. Owners may contact Akron Brass customer service at 1-800-228-1161 or Halcore customer service at 1-800-447-0343.","Weldon Division of Akron will update the firmware and repair the power line, free of charge. Owner notification letters are expected to be mailed October 5, 2026. Owners may contact Weldon customer service at 1-800-228-1161 or Halcore customer service at 1-800-447-0343.",2026-08-28T03:54:48+00:00,2026-08-28T11:11:53+00:00
720bdf7cd2cad0c8,26V532,remedy,"Dealers will replace the engine long blocks, free of charge. Owner notification letters are expected to be mailed August 24, 2026. Owners may contact Ford customer service at 1-866-436-7332. Ford's number for this recall is 26S58. Vehicle Identification Numbers (VINs) involved in this recall became searchable on NHTSA.gov on August 18, 2026.","Dealers will replace the engine long blocks, free of charge. Owner notification letters were mailed August 25, 2026. Owners may contact Ford customer service at 1-866-436-7332. Ford's number for this recall is 26S58. Vehicle Identification Numbers (VINs) involved in this recall became searchable on NHTSA.gov on August 18, 2026.",2026-08-28T03:54:48+00:00,2026-08-28T11:11:53+00:00
786626cf2d5ccf8b,26V470,summary,"Ford Motor Company (Ford) is recalling certain 2026-2027 Explorer and Lincoln Aviator vehicles. An unoccupied driver's seat may recline unintentionally during certain scenarios, such as remote unlock or remote start.","Ford Motor Company (Ford) is recalling certain 2025-2027 Explorer and Lincoln Aviator vehicles. An unoccupied driver's seat may recline unintentionally during certain scenarios, such as remote unlock or remote start.",2026-08-27T03:46:17+00:00,2026-08-27T10:01:26+00:00
6b108aa5b5e8aa6b,26V470,remedy,"The remedy is currently under development. The owner notification schedule has not been provided. Owners may contact Ford customer service at 1-866-436-7332. Ford's number for this recall is 26S53.","Dealers will disable the driver seat module (DSM) feature until parts are available. Once available, the motor will be replaced. Repairs will be performed free of charge. Interim letters, notifying owners of the safety risk, are expected to be mailed August 31, 2026. Additional letters will be sent once the remedy is available, anticipated in October 2026. Owners may contact Ford customer service at 1-866-436-7332. Ford's number for this recall is 26S53.",2026-08-27T03:46:17+00:00,2026-08-27T10:01:26+00:00
9b50aa0ac87027b9,26V451,remedy,"Dealers will inspect and replace the bezel around the switch as necessary, free of charge. Interim letters explaining the safety risk were mailed August 19, 2026. Additional letters will be sent once the remedy is available, anticipated in January 2027. Lincoln Aviator owner notification letters were mailed August 21, 2026. Owners may contact Ford customer service at 1-866-436-7332. Ford's number for this recall is 26S52. This recall expands Recall 25V393. Vehicle Identification Numbers (VINs) involved in this recall became searchable on NHTSA.gov on July 16, 2026.","Dealers will inspect and replace the bezel around the switch as necessary, free of charge. This will be a phased campaign, with the remedy becoming available in different phases based on model and model years. Interim letters explaining the safety risk were mailed August 19, 2026. Additional letters will be sent once the remedy is available, anticipated in January 2027. Lincoln Aviator owner notification letters were mailed August 21, 2026. Owners may contact Ford customer service at 1-866-436-7332. Ford's number for this recall is 26S52. This recall expands Recall 25V393. Vehicle Identification Numbers (VINs) involved in this recall became searchable on NHTSA.gov on July 16, 2026.",2026-08-27T03:32:08+00:00,2026-08-27T09:58:19+00:00
508c81e07086424c,26V543,remedy,"Cornell will provide instructions to inspect and replace the trailer tongue, free of charge. Owner notification letters are expected to be mailed August 26, 2026. Owners may contact Cornell customer service at 1-503-653-0330.","Cornell will provide instructions to inspect and repair or replace the trailer tongue, free of charge. Owner notification letters are expected to be mailed August 26, 2026. Owners may contact Cornell customer service at 1-503-653-0330.",2026-08-27T01:32:09+00:00,2026-08-27T07:54:33+00:00
bb40ff2d1dc4d782,26V380,remedy,"Dealers will inspect the configuration and replace the inverter ground cable as necessary, free of charge. Owner notification letters are expected to be mailed July, 6, 2026. Owners may contact Alliance customer service at 1-574-218-7165. Vehicle Identification Numbers (VINs) involved in this recall will be searchable on NHTSA.gov beginning June 22, 2026.","Dealers will inspect the configuration and replace the inverter ground cable as necessary, free of charge. Owner notification letters were mailed August 24, 2026. Owners may contact Alliance customer service at 1-574-218-7165. Vehicle Identification Numbers (VINs) involved in this recall will be searchable on NHTSA.gov beginning June 22, 2026.",2026-08-26T07:01:58+00:00,2026-08-26T14:02:12+00:00
bd0a75c96dcabe14,26V103,remedy,"Owners are advised to limit their charge to a maximum of 70% until the recall repair is complete. Dealers will inspect and replace the battery modules as necessary, free of charge. Interim letters notifying owners of the safety risk were mailed March 16, 2026. Owners may contact Volvo Car’s customer service at 1-800-458-1552. Vehicle Identification Numbers (VINs) involved in this recall became searchable on NHTSA.gov on February 23, 2026. This recall replaces and expands previous NHTSA recall number 26V001.","Owners are advised to limit their charge to a maximum of 70% until the recall repair is complete. Dealers will inspect and replace the battery modules as necessary, free of charge. Owner letters were mailed August 20, 2026. Owners may contact Volvo Car’s customer service at 1-800-458-1552. Vehicle Identification Numbers (VINs) involved in this recall became searchable on NHTSA.gov on February 23, 2026. This recall replaces and expands previous NHTSA recall number 26V001.",2026-08-26T05:55:18+00:00,2026-08-26T12:41:32+00:00
00315e92e5abc65a,26V503,remedy,"Dealers will install an overcurrent protection device, free of charge. Owner notification letters are expected to be mailed August 3, 2026. Owners may contact Forest River customer service at 1-574-825-8602. Forest River's number for this recall is 210-2085.","Dealers will install an overcurrent protection device, free of charge. Owner notification letters were mailed August 25, 2026. Owners may contact Forest River customer service at 1-574-825-8602. Forest River's number for this recall is 210-2085.",2026-08-26T00:17:45+00:00,2026-08-26T07:32:10+00:00
e2731a7fc56edb39,26V498,remedy,"Owners are advised to park outside until the repair has been performed. Winnebago will release an over-the-air (OTA) software update, free of charge. Owner notification letters are expected to be mailed August 24, 2026. Owners may contact Winnebago customer service at 1-641-585-6939 or 1-800-537-1885. Winnebago's number for this recall is 208.","Owners are advised to park outside until the repair has been performed. Winnebago will release an over-the-air (OTA) software update, free of charge. Owner notification letters were mailed August 24, 2026. Owners may contact Winnebago customer service at 1-641-585-6939 or 1-800-537-1885. Winnebago's number for this recall is 208.",2026-08-26T00:17:45+00:00,2026-08-26T07:32:10+00:00
d1a75de80cecdd80,26V480,remedy,"Owners are advised not to tow their trailer until the repair has been completed. Dealer will replace the trailer tongue, free of charge. Owner notification letters are expected to be mailed September 22, 2026. Owners may contact Midwest customer service at 1-800-859-3028.","Owners are advised not to tow their trailer until the repair has been completed. Dealer will replace the trailer tongue, free of charge. Owner notification letters were mailed August 19, 2026. Owners may contact Midwest customer service at 1-800-859-3028.",2026-08-26T00:17:45+00:00,2026-08-26T07:32:10+00:00
4a0a8f9c43200e17,26V424,remedy,"Dealers will inspect and replace the rear subframe bolts as necessary, free of charge. Owner notification letters are expected to be mailed August 24, 2026. Owners may contact Honda's customer service at 1-888-234-2138. Honda's number for this recall is OOY. Vehicle Identification Numbers (VINs) involved in this recall will be searchable on NHTSA.gov beginning July 10, 2026.","Dealers will inspect and replace the rear subframe bolts as necessary, free of charge. Owner notification letters were mailed August 24, 2026. Owners may contact Honda's customer service at 1-888-234-2138. Honda's number for this recall is OOY. Vehicle Identification Numbers (VINs) involved in this recall will be searchable on NHTSA.gov beginning July 10, 2026.",2026-08-25T23:46:08+00:00,2026-08-26T07:22:50+00:00
2e80bca1d4a263c4,26V423,remedy,"Dealers will replace the rearview camera, free of charge. Owner notification letters are expected to be mailed August 24, 2026. Owners may contact Honda's customer service at 1-888-234-2138. Honda's number for this recall is HOX. This recall expands previous NHTSA recall number 20V438. Vehicle Identification Numbers (VINs) involved in this recall will become searchable on NHTSA.gov beginning July 9, 2026.","Dealers will replace the rearview camera, free of charge. Owner notification letters were mailed August 24, 2026. Owners may contact Honda's customer service at 1-888-234-2138. Honda's number for this recall is HOX. This recall expands previous NHTSA recall number 20V438. Vehicle Identification Numbers (VINs) involved in this recall will become searchable on NHTSA.gov beginning July 9, 2026.",2026-08-25T23:46:08+00:00,2026-08-26T07:22:50+00:00
3ca60ae2103e0dcb,25V449,remedy,"Dealers will inspect and replace or add additional air tanks as necessary, free of charge. Interim owner notification letters explaining the safety risk were mailed August 29, 2025. Owners will receive a second notice once remedy parts become available, anticipated late-June 2026. Owners may contact Autocar customer service at 1-888-218-3611. Autocar's numbers for this recall are ACTT-2503 and ACX-2503.","Dealers will inspect and replace or add additional air tanks as necessary, free of charge. Interim owner notification letters explaining the safety risk were mailed August 29, 2025. Owners will receive a second notice once remedy parts become available, anticipated September 2026. Owners may contact Autocar customer service at 1-888-218-3611. Autocar's numbers for this recall are ACTT-2503 and ACX-2503.",2026-08-25T06:45:35+00:00,2026-08-25T12:49:13+00:00
b2c43280f0cd4510,26V451,remedy,"Dealers will inspect and replace the bezel around the switch as necessary, free of charge. Interim letters explaining the safety risk are expected to be mailed July 27, 2026. Additional letters will be sent once the remedy is available, anticipated in January 2027. Owners may contact Ford customer service at 1-866-436-7332. Ford's number for this recall is 26S52. This recall expands Recall 25V393. Vehicle Identification Numbers (VINs) involved in this recall became searchable on NHTSA.gov on July 16, 2026.","Dealers will inspect and replace the bezel around the switch as necessary, free of charge. Interim letters explaining the safety risk were mailed August 19, 2026. Additional letters will be sent once the remedy is available, anticipated in January 2027. Lincoln Aviator owner notification letters were mailed August 21, 2026. Owners may contact Ford customer service at 1-866-436-7332. Ford's number for this recall is 26S52. This recall expands Recall 25V393. Vehicle Identification Numbers (VINs) involved in this recall became searchable on NHTSA.gov on July 16, 2026.",2026-08-25T04:31:57+00:00,2026-08-25T10:18:53+00:00
28bba0a650e77d37,26V210,summary,"Isuzu Motors Limited (Isuzu) is recalling certain 2025-2027 Chevrolet Low Cab Forward 5500XD, 4500XD, Isuzu NRR, NPR HD, NPR XD, 2025-2026 Chevrolet Low Cab Forward 4500HD, and Isuzu NRR EV vehicles. The chassis and/or cab wire harnesses may chafe against metal components, leading to harness failure.","Isuzu Motors Limited (Isuzu) is recalling certain 2025-2027 Chevrolet Low Cab Forward 5500XD, 4500XD, Isuzu NRR, NPR HD, NPR XD, 2025-2027 Chevrolet Low Cab Forward 4500HD, and Isuzu NRR EV vehicles. The chassis and/or cab wire harnesses may chafe against metal components, leading to harness failure.",2026-08-25T03:32:23+00:00,2026-08-25T10:01:29+00:00
e0226acfbe9959f7,26V055,remedy,"Autocar will relocate the ESC unit, free of charge. Interim owner notification letters explaining the safety risk were be mailed March 27, 2026. Another notice will be sent once the remedy is available, anticipated May 2026. Owners may contact Autocar customer service at 1-888-218-3611. Autocar's number for this recall is ACX-2601.","Autocar will relocate the ESC unit, free of charge. Interim owner notification letters explaining the safety risk were be mailed March 27, 2026. Another notice will be sent once the remedy is available, anticipated October 2026. Owners may contact Autocar customer service at 1-888-218-3611. Autocar's number for this recall is ACX-2601.",2026-08-25T02:46:59+00:00,2026-08-25T09:17:00+00:00
269659f9473cb794,25V686,remedy,"Dealers will update the image processing module software, free charge.nThis will be a phased campaign, with the remedy becoming available in different phases based on model years. Interim letters notifying owners of the safety risk were mailed on October 30, 2025. Additional letters will be mailed once the remedy is available on each phase. Owner notification letters were mailed May 19, 2026. Owners may contact Ford customer service at 1-866-436-7332. Ford's number for this recall is 25SA8. Vehicle Identification Numbers (VINs) involved in this recall became searchable on NHTSA.gov on October 13, 2025.","Dealers will update the image processing module software, free of charge.This will be a phased campaign, with the remedy becoming available in different phases based on model years. Interim letters notifying owners of the safety risk were mailed on October 30, 2025. Additional letters will be mailed once the remedy is available on each phase. Owner notification letters were mailed May 19, 2026. Owners may contact Ford customer service at 1-866-436-7332. Ford's number for this recall is 25SA8. Vehicle Identification Numbers (VINs) involved in this recall became searchable on NHTSA.gov on October 13, 2025.",2026-08-25T01:32:23+00:00,2026-08-25T07:46:09+00:00
d5fe26e62a658b94,26V518,remedy,"Dealers will install a jumper wire, free of charge. Owner notification letters are expected to be mailed September 11, 2026. Owners may contact Jayco customer service at 1-800-283-8267. Jayco's number for this recall is 9901665.","Dealers will install a jumper wire, free of charge. Owner notification letters were mailed August 20, 2026. Owners may contact Jayco customer service at 1-800-283-8267. Jayco's number for this recall is 9901665.",2026-08-22T07:03:08+00:00,2026-08-22T14:16:36+00:00
bb7cc9328f23cabc,26V486,summary,"Foretravel, Inc. (Foretravel) is recalling certain 2025-2027 Realm Presidential motorcoaches. The exterior brake lights may remain illuminated when the driver is not applying the brakes. As such, these vehicles fail to comply with the requirements of Federal Motor Vehicle Safety Standard (FMVSS) number 108, ""Lamps, Reflective Devices, and Associated Equipment.""","Foretravel, Inc. (Foretravel) is recalling certain 2025-2027 Realm Presidential and 2025-2026 Realm motorcoaches. The exterior brake lights may remain illuminated when the driver is not applying the brakes. As such, these vehicles fail to comply with the requirements of Federal Motor Vehicle Safety Standard (FMVSS) number 108, ""Lamps, Reflective Devices, and Associated Equipment.""",2026-08-22T07:03:08+00:00,2026-08-22T14:16:36+00:00
a5e68ccda05a1017,26V486,remedy,"Foretravel will work with Shyft to replace the pressure switch, free of charge. Owner notification letters are expected to be mailed September 21, 2026. Owners may contact Foretravel customer service at 1-800-955-6226.","Foretravel will work with Shyft to replace the pressure switch, free of charge. Owner notification letters were mailed August 28, 2026. Owners may contact Foretravel customer service at 1-800-955-6226.",2026-08-22T07:03:08+00:00,2026-08-22T14:16:36+00:00
4081b149025513dc,26V406,remedy,"Dealers will replace retractors, free of charge. Owner notification letters are expected to be mailed August 25, 2026. Owners may contact Diamond customer service at 1-800-442-4645.","Dealers will replace the retractors, free of charge. Owner notification letters are expected to be mailed August 25, 2026. Owners may contact Diamond customer service at 1-800-442-4645.",2026-08-22T06:30:32+00:00,2026-08-22T13:46:39+00:00
55fcfb9ab96edd65,26V379,remedy,"Dealers will repair the hydraulic jack, free of charge. Owner notification letters are expected to be mailed August 7, 2026. Owners may contact Vermeer customer service at 1-800-829-0051 ext. 7060. Vermeer's number for this recall is IK4837.","Dealers will repair the hydraulic jack, free of charge. Owner notification letters were mailed August 7, 2026. Owners may contact Vermeer customer service at 1-800-829-0051 ext. 7060. Vermeer's number for this recall is IK4837.",2026-08-22T06:30:32+00:00,2026-08-22T13:46:39+00:00
1d6523e22bd8a7aa,26V477,remedy,"Dealers will inspect and replace the printed circuit board as necessary, free of charge. Owner notification letters are expected to be mailed in July 2026. Owners may contact Forest River customer service at 1-574-534-3167. Forest River's number for this recall is 51-2077.","Dealers will inspect and replace the printed circuit board as necessary, free of charge. Owner notification letters were mailed in August 18, 2026. Owners may contact Forest River customer service at 1-574-534-3167. Forest River's number for this recall is 51-2077.",2026-08-21T05:47:51+00:00,2026-08-21T12:01:41+00:00
e5f24b30b62b29cc,26V476,remedy,"Dealers will replace the incorrect label, free of charge. Additionally Forest River will mail corrected labels to owners. Owner notification letters are expected to be mailed in July 2026. Owners of Surveyor, Ibex, No Boundaries and Unmapped trailers may contact customer service at 1-574-642-3119, or Sabre owners may contact customer service at 1-260-499-2100. Forest River's number for this recall is 51-2076.","Dealers will replace the incorrect label, free of charge. Additionally Forest River will mail corrected labels to owners. Owner notification letters were mailed in August 18, 2026. Owners of Surveyor, Ibex, No Boundaries and Unmapped trailers may contact customer service at 1-574-642-3119, or Sabre owners may contact customer service at 1-260-499-2100. Forest River's number for this recall is 51-2076.",2026-08-21T05:47:51+00:00,2026-08-21T12:01:41+00:00
d3d570a13bcf12bf,26V393,remedy,"Dealers will update the battery ECU software, free of charge. Owner notification letters are expected to be mailed August 3, 2026. Owners may contact Toyota's customer service at 1-800-331-4331. Toyota's numbers for this recall are 26LA07 and 26TA11. Subaru's number for this recall is WRG26.","Dealers will update the battery ECU software, free of charge. Owner notification letters were mailed August 17, 2026. Owners may contact Toyota's customer service at 1-800-331-4331. Toyota's numbers for this recall are 26LA07 and 26TA11. Subaru's number for this recall is WRG26.",2026-08-20T10:32:55+00:00,2026-08-20T17:02:34+00:00
1ea5ad4391bccd6c,26V468,remedy,"Dealers will install sheathing over the wiring, free of charge. Owner notification letters were mailed August 5, 2026. Owners may contact Ford customer service at 1-866-436-7332. Ford's number for this recall is 26S55. Vehicle Identification Numbers (VINs) involved in this recall became searchable on NHTSA.gov on July 23, 2026.","Dealers will install sheathing over the wiring, free of charge. This is a Phased campaign. Phase 1 will include 2026 Bronco Raptor notified owners on 7/31/2026. Phase 2 will include 2021-2025 Bronco Raptor vehicle will notify owners on or about 8/14/2026. Phase 3 will include 2021-2026 Bronco will notify owners on or about 9/1/2026. Owner notification letters were mailed August 5, 2026. Owners may contact Ford customer service at 1-866-436-7332. Ford's number for this recall is 26S55. Vehicle Identification Numbers (VINs) involved in this recall became searchable on NHTSA.gov on July 23, 2026.",2026-08-20T04:45:49+00:00,2026-08-20T11:02:45+00:00
1dacd6bb6992491e,26V376,remedy,"Dealers will update the software, free of charge. Interim letters, notifying owners of the safety risk, were mailed August 5, 2026. Additional letters will be sent once the remedy is available. Owners may contact Ford customer service at 1-866-436-7332. Ford's number for this recall is 26S43. Vehicle Identification Numbers (VINs) involved in this recall will become searchable on NHTSA.gov on July 6,2026.","Dealers will update the software, free of charge. Additionally, dealers will inspect Focus vehicles and replace the clutch assembly as necessary, free of charge. Interim letters, notifying owners of the safety risk, were mailed August 5, 2026. Additional letters will be sent once the remedy is available. Owners may contact Ford customer service at 1-866-436-7332. Ford's number for this recall is 26S43. Vehicle Identification Numbers (VINs) involved in this recall will become searchable on NHTSA.gov on July 6,2026.",2026-08-19T01:45:40+00:00,2026-08-19T07:48:48+00:00
7fa15f7fcc078613,26V331,remedy,"Dealers will update the combination meter software, free of charge. Owner notification letters were mailed July 6, 2026. Owners may contact Nissan's customer service at 800-647-7261. Nissan's number for this recall is PMA66. Vehicle Identification Numbers (VINs) involved in this recall became searchable on NHTSA.gov on May 22, 2026.","Dealers will resume the software reprogramming of the combination meter software, free of charge. Owner notification letters were mailed July 6, 2026. Owners may contact Nissan's customer service at 800-647-7261. Nissan's number for this recall is PMA66. Vehicle Identification Numbers (VINs) involved in this recall became searchable on NHTSA.gov on May 22, 2026.",2026-08-19T01:32:59+00:00,2026-08-19T07:48:03+00:00
