make,model,component,times,first_seen,last_seen,campaigns
FORD,TRANSIT,SEATS,10,18V782000,19V333000,"18V782000; 19V205000; 19V229000; 19V238000; 19V247000; 19V252000; 19V313000; 19V329000; 19V332000; 19V333000"
TOYOTA,TUNDRA,EQUIPMENT:OTHER:LABELS,10,16V420000,26V179000,"16V420000; 17V831000; 18V711000; 18V900000; 19V244000; 22V854000; 23V633000; 23V757000; 24V548000; 26V179000"
JAGUAR,I-PACE,"ELECTRICAL SYSTEM:PROPULSION SYSTEM:TRACTION BATTERY",8,23V369000,26V067000,"23V369000; 23V709000; 24V085000; 24V086000; 24V183000; 24V633000; 24V927000; 26V067000"
FORD,BRONCO,"BACK OVER PREVENTION: SENSING SYSTEM: CAMERA",6,22V825000,25V888000,"22V825000; 23V165000; 23V598000; 25V273000; 25V312000; 25V888000"
FORD,EXPLORER,SUSPENSION:REAR,6,19V435000,26V101000,"19V435000; 20V675000; 21V154000; 21V537000; 21V870000; 26V101000"
FORD,EXPLORER,"BACK OVER PREVENTION:SOFTWARE",6,21V735000,26V165000,"21V735000; 24V801000; 25V159000; 25V442000; 26V123000; 26V165000"
PORSCHE,TAYCAN,"ELECTRICAL SYSTEM:PROPULSION SYSTEM:TRACTION BATTERY",6,23V615000,24V732000,"23V615000; 23V840000; 24V215000; 24V217000; 24V731000; 24V732000"
FORD,F-150,"EXTERIOR LIGHTING:LIGHTING CONTROL MODULE",5,22V686000,25V517000,"22V686000; 23V802000; 24V682000; 25V515000; 25V517000"
FORD,MUSTANG,"ELECTRICAL SYSTEM: INSTRUMENT CLUSTER/PANEL",5,19V076000,26V372000,"19V076000; 20V263000; 24V802000; 25V516000; 26V372000"
FORD,TRANSIT,"POWER TRAIN:DRIVELINE:DRIVESHAFT",5,17V408000,24V102000,"17V408000; 19V103000; 19V767000; 21V978000; 24V102000"
JEEP,"GRAND CHEROKEE","BACK OVER PREVENTION: SENSING SYSTEM: CAMERA",5,20V191000,24V436000,"20V191000; 21V729000; 24V289000; 24V291000; 24V436000"
"LAND ROVER","RANGE ROVER",LATCHES/LOCKS/LINKAGES:DOORS:LATCH,5,15V385000,20V387000,"15V385000; 19V390000; 19V392000; 20V325000; 20V387000"
"LAND ROVER","RANGE ROVER SPORT",LATCHES/LOCKS/LINKAGES:DOORS:LATCH,5,15V385000,20V387000,"15V385000; 19V390000; 19V392000; 20V325000; 20V387000"
TOYOTA,HIGHLANDER,EQUIPMENT:OTHER:LABELS,5,16V420000,24V548000,"16V420000; 17V831000; 19V244000; 22V310000; 24V548000"
BMW,I4,"ELECTRICAL SYSTEM:PROPULSION SYSTEM:TRACTION BATTERY",4,22V541000,25V470000,"22V541000; 23V295000; 24V135000; 25V470000"
CHRYSLER,PACIFICA,"BACK OVER PREVENTION: SENSING SYSTEM: CAMERA",4,19V886000,26V327000,"19V886000; 20V191000; 24V436000; 26V327000"
CHRYSLER,PACIFICA,"AIR BAGS:SIDE/WINDOW:CURTAIN",4,24V793000,26V189000,"24V793000; 25V302000; 25V573000; 26V189000"
CHRYSLER,VOYAGER,"AIR BAGS:SIDE/WINDOW:CURTAIN",4,24V793000,26V189000,"24V793000; 25V302000; 25V573000; 26V189000"
FORD,BRONCO,LATCHES/LOCKS/LINKAGES:DOORS:LOCK,4,22V411000,25V397000,"22V411000; 24V189000; 25V303000; 25V397000"
FORD,EDGE,"BACK OVER PREVENTION:SOFTWARE",4,25V160000,26V124000,"25V160000; 25V315000; 25V442000; 26V124000"
FORD,EXPLORER,"BACK OVER PREVENTION: SENSING SYSTEM: CAMERA",4,20V575000,24V188000,"20V575000; 23V022000; 23V342000; 24V188000"
FORD,F-150,ENGINE,4,17V672000,20V098000,"17V672000; 18V894000; 19V278000; 20V098000"
FORD,F-150,"POWER TRAIN:AUTOMATIC TRANSMISSION",4,18V213000,26V402000,"18V213000; 23V070000; 26V237000; 26V402000"
FORD,MUSTANG,"BACK OVER PREVENTION: SENSING SYSTEM: CAMERA",4,20V575000,25V695000,"20V575000; 22V082000; 25V572000; 25V695000"
FORD,TRANSIT,"BACK OVER PREVENTION: SENSING SYSTEM: CAMERA",4,20V575000,25V572000,"20V575000; 23V598000; 25V242000; 25V572000"
FORD,TRANSIT,"BACK OVER PREVENTION:DISPLAY FUNCTION",4,22V183000,25V887000,"22V183000; 22V186000; 22V621000; 25V887000"
HONDA,ACCORD,"FUEL SYSTEM, GASOLINE:DELIVERY:FUEL PUMP",4,20V314000,24V763000,"20V314000; 21V215000; 23V858000; 24V763000"
HONDA,CIVIC,"FUEL SYSTEM, GASOLINE:DELIVERY:FUEL PUMP",4,20V314000,24V763000,"20V314000; 21V215000; 23V858000; 24V763000"
HONDA,ODYSSEY,"SEATS:MID/REAR ASSEMBLY",4,16V932000,18V170000,"16V932000; 16V933000; 17V725000; 18V170000"
HONDA,ODYSSEY,"BACK OVER PREVENTION: SENSING SYSTEM: CAMERA",4,20V438000,26V423000,"20V438000; 20V439000; 20V440000; 26V423000"
JEEP,WRANGLER,"ELECTRICAL SYSTEM:PROPULSION SYSTEM:TRACTION BATTERY",4,22V768000,25V741000,"22V768000; 23V303000; 23V787000; 25V741000"
NISSAN,MAXIMA,"SERVICE BRAKES, HYDRAULIC:ANTILOCK/TRACTION CONTROL/ELECTRONIC LIMITED SLIP",4,16V193000,19V807000,"16V193000; 16V636000; 18V601000; 19V807000"
TOYOTA,RAV4,EQUIPMENT:OTHER:LABELS,4,16V236000,19V503000,"16V236000; 17V831000; 19V244000; 19V503000"
"ALFA ROMEO",GIULIA,"SERVICE BRAKES, HYDRAULIC",3,17V823000,23V382000,"17V823000; 21V309000; 23V382000"
"ALFA ROMEO",STELVIO,"SERVICE BRAKES, HYDRAULIC",3,17V823000,23V382000,"17V823000; 21V309000; 23V382000"
AUDI,"E-TRON GT","ELECTRICAL SYSTEM:PROPULSION SYSTEM:TRACTION BATTERY",3,24V228000,24V726000,"24V228000; 24V229000; 24V726000"
BENTLEY,BENTAYGA,SEATS,3,16V816000,23V386000,"16V816000; 22V257000; 23V386000"
BMW,IX,"ELECTRICAL SYSTEM:PROPULSION SYSTEM:TRACTION BATTERY",3,22V541000,25V470000,"22V541000; 23V295000; 25V470000"
BMW,X3,"ELECTRICAL SYSTEM: INSTRUMENT CLUSTER/PANEL",3,17V719000,20V152000,"17V719000; 19V291000; 20V152000"
BMW,X3,"BACK OVER PREVENTION: SENSING SYSTEM: CAMERA",3,19V684000,20V598000,"19V684000; 20V443000; 20V598000"
BMW,X3,"ELECTRICAL SYSTEM:STARTER ASSEMBLY",3,25V202000,26V438000,"25V202000; 26V056000; 26V438000"
BMW,X5,EQUIPMENT:OTHER:LABELS,3,17V327000,24V327000,"17V327000; 18V918000; 24V327000"
CHEVROLET,SUBURBAN,"SEAT BELTS:CRITICAL FASTENERS",3,20V792000,22V617000,"20V792000; 20V811000; 22V617000"
CHEVROLET,TAHOE,"SEAT BELTS:CRITICAL FASTENERS",3,20V792000,22V617000,"20V792000; 20V811000; 22V617000"
DUCATI,XDIAVEL,"STRUCTURE:MOTORCYCLE:KICKSTAND/CENTER STAND",3,16V729000,23V620000,"16V729000; 21V085000; 23V620000"
FORD,BRONCO,"SUSPENSION:FRONT:CONTROL ARM:UPPER BALL JOINT",3,24V770000,25V310000,"24V770000; 25V260000; 25V310000"
FORD,BRONCO,"SEATS:CRITICAL FASTENERS",3,25V311000,26V268000,"25V311000; 25V721000; 26V268000"
FORD,EXPLORER,"SEATS:MID/REAR ASSEMBLY",3,19V633000,26V451000,"19V633000; 25V393000; 26V451000"
FORD,EXPLORER,"POWER TRAIN:DRIVELINE:DRIVESHAFT",3,20V693000,25V166000,"20V693000; 23V675000; 25V166000"
FORD,EXPLORER,ENGINE,3,20V788000,24V598000,"20V788000; 22V454000; 24V598000"
FORD,EXPLORER,STRUCTURE:BODY,3,21V316000,26V448000,"21V316000; 25V347000; 26V448000"
FORD,EXPLORER,"POWER TRAIN:AUTOMATIC TRANSMISSION",3,23V070000,26V402000,"23V070000; 26V371000; 26V402000"
FORD,EXPLORER,"ENGINE AND ENGINE COOLING:ENGINE:HARD PARTS INTERNAL/MECHANICAL",3,24V635000,26V343000,"24V635000; 25V344000; 26V343000"
FORD,F-150,"ELECTRICAL SYSTEM: INSTRUMENT CLUSTER/PANEL",3,17V053000,26V370000,"17V053000; 25V540000; 26V370000"
FORD,F-150,"SERVICE BRAKES, HYDRAULIC:FOUNDATION COMPONENTS:MASTER CYLINDER",3,20V332000,25V236000,"20V332000; 22V150000; 25V236000"
FORD,F-150,"POWER TRAIN:AUTOMATIC TRANSMISSION:CONTROL MODULE (TCM/PCM/TECM)",3,22V188000,26V375000,"22V188000; 25V169000; 26V375000"
FORD,FOCUS,"POWER TRAIN:MANUAL TRANSMISSION",3,18V169000,26V376000,"18V169000; 18V845000; 26V376000"
FORD,FOCUS,"FUEL SYSTEM, GASOLINE:STORAGE:EVAPORATIVE EMISSIONS:CANISTER",3,18V735000,26V369000,"18V735000; 19V515000; 26V369000"
FORD,TRANSIT,"SEAT BELTS:FRONT:RETRACTOR",3,20V222000,21V592000,"20V222000; 20V250000; 21V592000"
FORD,TRANSIT,"ELECTRICAL SYSTEM: INSTRUMENT CLUSTER/PANEL",3,22V415000,25V339000,"22V415000; 22V791000; 25V339000"
FORD,"TRANSIT CONNECT",LATCHES/LOCKS/LINKAGES:DOORS:LATCH,3,16V643000,23V502000,"16V643000; 20V331000; 23V502000"
HONDA,FIT,"FUEL SYSTEM, GASOLINE:DELIVERY:FUEL PUMP",3,20V314000,23V858000,"20V314000; 21V215000; 23V858000"
HONDA,HR-V,"FUEL SYSTEM, GASOLINE:DELIVERY:FUEL PUMP",3,20V314000,23V858000,"20V314000; 21V215000; 23V858000"
HONDA,INSIGHT,"FUEL SYSTEM, GASOLINE:DELIVERY:FUEL PUMP",3,20V314000,23V858000,"20V314000; 21V215000; 23V858000"
HONDA,RIDGELINE,"FUEL SYSTEM, GASOLINE:DELIVERY:FUEL PUMP",3,19V053000,23V858000,"19V053000; 21V215000; 23V858000"
JEEP,CHEROKEE,"POWER TRAIN:AXLE ASSEMBLY:AXLE SHAFT",3,16V284000,18V494000,"16V284000; 16V287000; 18V494000"
JEEP,CHEROKEE,"POWER TRAIN:AUTOMATIC TRANSMISSION",3,18V492000,23V302000,"18V492000; 18V739000; 23V302000"
JEEP,COMPASS,"ELECTRICAL SYSTEM: INSTRUMENT CLUSTER/PANEL",3,17V740000,23V576000,"17V740000; 23V058000; 23V576000"
JEEP,GLADIATOR,"POWER TRAIN:CLUTCH ASSEMBLY",3,20V124000,23V116000,"20V124000; 21V028000; 23V116000"
JEEP,"GRAND CHEROKEE","SUSPENSION:REAR:SPRINGS:COIL SPRINGS",3,23V413000,26V562000,"23V413000; 26V051000; 26V562000"
JEEP,WRANGLER,"POWER TRAIN:CLUTCH ASSEMBLY",3,20V124000,23V116000,"20V124000; 21V028000; 23V116000"
JEEP,WRANGLER,"BACK OVER PREVENTION: SENSING SYSTEM: CAMERA",3,20V191000,26V327000,"20V191000; 24V676000; 26V327000"
KIA,NIRO,"HYBRID PROPULSION SYSTEM",3,18V257000,22V836000,"18V257000; 18V666000; 22V836000"
KIA,SPORTAGE,"TRAILER HITCHES",3,16V862000,25V874000,"16V862000; 22V703000; 25V874000"
"LAND ROVER","RANGE ROVER","BACK OVER PREVENTION: SENSING SYSTEM: CAMERA",3,19V603000,24V947000,"19V603000; 24V023000; 24V947000"
"LAND ROVER","RANGE ROVER",STEERING:LINKAGES:KNUCKLE:SPINDLE:ARM,3,24V840000,26V527000,"24V840000; 25V514000; 26V527000"
"LAND ROVER","RANGE ROVER EVOQUE","AIR BAGS:KNEE BOLSTER",3,21V168000,25V089000,"21V168000; 25V088000; 25V089000"
"LAND ROVER","RANGE ROVER SPORT","BACK OVER PREVENTION: SENSING SYSTEM: CAMERA",3,19V603000,24V364000,"19V603000; 24V023000; 24V364000"
NISSAN,LEAF,"BACK OVER PREVENTION: SENSING SYSTEM: CAMERA",3,19V654000,24V071000,"19V654000; 20V412000; 24V071000"
NISSAN,PATHFINDER,"SEATS:CRITICAL FASTENERS",3,21V743000,23V268000,"21V743000; 22V111000; 23V268000"
PORSCHE,PANAMERA,"ELECTRICAL SYSTEM",3,19V180000,23V033000,"19V180000; 19V322000; 23V033000"
PORSCHE,TAYCAN,"BACK OVER PREVENTION: SENSING SYSTEM: CAMERA",3,22V404000,25V896000,"22V404000; 24V730000; 25V896000"
TESLA,"MODEL 3","FORWARD COLLISION AVOIDANCE: WARNINGS:EXTERNAL/PEDESTRIAN ALERT",3,22V063000,24V153000,"22V063000; 22V235000; 24V153000"
TESLA,"MODEL S","FORWARD COLLISION AVOIDANCE: WARNINGS:EXTERNAL/PEDESTRIAN ALERT",3,22V063000,24V153000,"22V063000; 22V235000; 24V153000"
TESLA,"MODEL S","ELECTRICAL SYSTEM:SOFTWARE",3,22V050000,24V554000,"22V050000; 23V862000; 24V554000"
TESLA,"MODEL X","SEATS:MID/REAR ASSEMBLY",3,16V192000,22V264000,"16V192000; 17V639000; 22V264000"
TESLA,"MODEL X","FORWARD COLLISION AVOIDANCE: WARNINGS:EXTERNAL/PEDESTRIAN ALERT",3,22V063000,24V153000,"22V063000; 22V235000; 24V153000"
TESLA,"MODEL X","ELECTRICAL SYSTEM:SOFTWARE",3,22V050000,24V554000,"22V050000; 23V862000; 24V554000"
TESLA,"MODEL Y","FORWARD COLLISION AVOIDANCE: WARNINGS:EXTERNAL/PEDESTRIAN ALERT",3,22V063000,24V153000,"22V063000; 22V235000; 24V153000"
TOYOTA,CAMRY,EQUIPMENT:OTHER:LABELS,3,16V420000,19V503000,"16V420000; 19V244000; 19V503000"
TOYOTA,CAMRY,"AIR BAGS:SENSOR:OCCUPANT CLASSIFICATION",3,16V215000,23V865000,"16V215000; 19V567000; 23V865000"
TOYOTA,CAMRY,"FUEL SYSTEM, GASOLINE:DELIVERY:FUEL PUMP",3,20V012000,25V028000,"20V012000; 20V682000; 25V028000"
TOYOTA,COROLLA,EQUIPMENT:OTHER:LABELS,3,19V244000,24V548000,"19V244000; 19V503000; 24V548000"
TOYOTA,TUNDRA,"ENGINE AND ENGINE COOLING:ENGINE:HARD PARTS INTERNAL/MECHANICAL",3,24V381000,26V320000,"24V381000; 25V767000; 26V320000"
TOYOTA,YARIS,EQUIPMENT:OTHER:LABELS,3,16V236000,19V503000,"16V236000; 19V244000; 19V503000"
TRIUMPH,"STREET TWIN","ELECTRICAL SYSTEM:WIRING",3,16V163000,20V472000,"16V163000; 19V133000; 20V472000"
VOLKSWAGEN,JETTA,EQUIPMENT:OTHER:LABELS,3,17V136000,17V352000,"17V136000; 17V137000; 17V352000"
VOLKSWAGEN,JETTA,"ELECTRICAL SYSTEM: INSTRUMENT CLUSTER/PANEL",3,18V824000,26V185000,"18V824000; 23V619000; 26V185000"
VOLKSWAGEN,PASSAT,"UNKNOWN OR OTHER",3,19V679000,21V321000,"19V679000; 20V561000; 21V321000"
VOLKSWAGEN,TIGUAN,"UNKNOWN OR OTHER",3,18V329000,21V321000,"18V329000; 19V679000; 21V321000"
VOLVO,XC90,"AIR BAGS:SIDE/WINDOW",3,15V342000,17V104000,"15V342000; 15V497000; 17V104000"
"ALFA ROMEO",GIULIA,"FUEL SYSTEM, GASOLINE:DELIVERY:PRESSURE SENSOR",2,21V878000,24V306000,"21V878000; 24V306000"
"ALFA ROMEO",STELVIO,EQUIPMENT:OTHER:LABELS,2,24V512000,24V857000,"24V512000; 24V857000"
AUDI,A3,"AIR BAGS:SENSOR:OCCUPANT CLASSIFICATION:FRONT PASSENGER",2,21V198000,24V251000,"21V198000; 24V251000"
AUDI,A5,"ENGINE AND ENGINE COOLING:COOLING SYSTEM",2,17V002000,18V229000,"17V002000; 18V229000"
AUDI,A5,"AIR BAGS:FRONTAL:PASSENGER SIDE:INFLATOR MODULE",2,18V836000,19V547000,"18V836000; 19V547000"
AUDI,A5,"SEAT BELTS:REAR/OTHER:RETRACTOR",2,21V606000,25V899000,"21V606000; 25V899000"
AUDI,A6,"SEAT BELTS:REAR/OTHER:RETRACTOR",2,21V606000,25V899000,"21V606000; 25V899000"
AUDI,A8,"BACK OVER PREVENTION: SENSING SYSTEM: CAMERA",2,21V825000,25V900000,"21V825000; 25V900000"
AUDI,E-TRON,"BACK OVER PREVENTION: SENSING SYSTEM: CAMERA",2,21V825000,25V900000,"21V825000; 25V900000"
AUDI,"E-TRON GT","SUSPENSION:FRONT:MACPHERSON STRUT",2,22V927000,25V428000,"22V927000; 25V428000"
AUDI,Q3,"BACK OVER PREVENTION: SENSING SYSTEM: CAMERA",2,21V825000,22V064000,"21V825000; 22V064000"
AUDI,Q5,"SEAT BELTS:PRETENSIONER",2,16V955000,26V266000,"16V955000; 26V266000"
AUDI,Q5,"ENGINE AND ENGINE COOLING:COOLING SYSTEM",2,17V002000,18V229000,"17V002000; 18V229000"
AUDI,Q5,STRUCTURE:BODY,2,19V737000,21V947000,"19V737000; 21V947000"
AUDI,Q5,"ELECTRICAL SYSTEM:PROPULSION SYSTEM:TRACTION BATTERY",2,24V898000,25V080000,"24V898000; 25V080000"
AUDI,Q7,"AIR BAGS:SIDE/WINDOW",2,20V093000,23V868000,"20V093000; 23V868000"
AUDI,Q7,"BACK OVER PREVENTION: SENSING SYSTEM: CAMERA",2,21V825000,25V900000,"21V825000; 25V900000"
AUDI,Q8,"BACK OVER PREVENTION: SENSING SYSTEM: CAMERA",2,21V825000,25V900000,"21V825000; 25V900000"
AUDI,S8,"BACK OVER PREVENTION: SENSING SYSTEM: CAMERA",2,21V825000,25V900000,"21V825000; 25V900000"
BMW,I7,"ELECTRICAL SYSTEM",2,22V860000,23V479000,"22V860000; 23V479000"
BMW,I7,SEATS,2,23V050000,23V414000,"23V050000; 23V414000"
BMW,M3,"POWER TRAIN:DRIVELINE:DRIVESHAFT",2,15V782000,18V713000,"15V782000; 18V713000"
BMW,M4,"POWER TRAIN:DRIVELINE:DRIVESHAFT",2,15V782000,18V713000,"15V782000; 18V713000"
BMW,M4,"AIR BAGS",2,16V914000,17V115000,"16V914000; 17V115000"
BMW,M5,"BACK OVER PREVENTION: SENSING SYSTEM: CAMERA",2,19V684000,20V598000,"19V684000; 20V598000"
BMW,M5,"ELECTRICAL SYSTEM:WIRING",2,19V883000,26V096000,"19V883000; 26V096000"
BMW,"S 1000 RR","SERVICE BRAKES",2,20V476000,23V123000,"20V476000; 23V123000"
BMW,X1,"SEAT BELTS:FRONT:RETRACTOR",2,16V747000,25V616000,"16V747000; 25V616000"
BMW,X1,"STRUCTURE:BODY:ROOF AND PILLARS",2,19V349000,24V829000,"19V349000; 24V829000"
BMW,X1,"SERVICE BRAKES, HYDRAULIC:POWER ASSIST:ELECTRIC:CONTROL MODULE",2,24V104000,24V739000,"24V104000; 24V739000"
BMW,X3,SEATS,2,19V563000,23V211000,"19V563000; 23V211000"
BMW,X3,"ELECTRICAL SYSTEM:PROPULSION SYSTEM:TRACTION BATTERY",2,20V490000,20V601000,"20V490000; 20V601000"
BMW,X3,STRUCTURE,2,24V534000,24V764000,"24V534000; 24V764000"
BMW,X4,SEATS,2,19V563000,23V211000,"19V563000; 23V211000"
BMW,X4,"AIR BAGS:FRONTAL:PASSENGER SIDE:INFLATOR MODULE",2,19V291000,20V152000,"19V291000; 20V152000"
BMW,X4,"BACK OVER PREVENTION: SENSING SYSTEM: CAMERA",2,19V684000,20V598000,"19V684000; 20V598000"
BMW,X4,"ELECTRICAL SYSTEM:STARTER ASSEMBLY",2,26V056000,26V438000,"26V056000; 26V438000"
BMW,X5,"ELECTRICAL SYSTEM:PROPULSION SYSTEM:TRACTION BATTERY",2,20V490000,20V601000,"20V490000; 20V601000"
BMW,X5,"ELECTRICAL SYSTEM:STARTER ASSEMBLY",2,20V465000,25V644000,"20V465000; 25V644000"
BMW,X5,STEERING:COLUMN,2,20V434000,21V031000,"20V434000; 21V031000"
BMW,X5,"SEATS:MID/REAR ASSEMBLY:HEAD RESTRAINT",2,21V156000,23V253000,"21V156000; 23V253000"
BMW,X5,"SERVICE BRAKES, HYDRAULIC:POWER ASSIST:ELECTRIC:CONTROL MODULE",2,24V104000,24V739000,"24V104000; 24V739000"
BMW,X6,STRUCTURE:BODY,2,20V095000,20V484000,"20V095000; 20V484000"
BMW,X6,"SERVICE BRAKES, HYDRAULIC:POWER ASSIST:ELECTRIC:CONTROL MODULE",2,24V104000,24V739000,"24V104000; 24V739000"
BMW,X7,SEATS,2,19V135000,22V670000,"19V135000; 22V670000"
BMW,X7,"EXTERIOR LIGHTING",2,20V052000,22V725000,"20V052000; 22V725000"
BMW,X7,"ELECTRICAL SYSTEM:STARTER ASSEMBLY",2,20V465000,25V644000,"20V465000; 25V644000"
BMW,X7,"SERVICE BRAKES, HYDRAULIC:POWER ASSIST:ELECTRIC:CONTROL MODULE",2,24V104000,24V739000,"24V104000; 24V739000"
BMW,XM,"SERVICE BRAKES, HYDRAULIC:POWER ASSIST:ELECTRIC:CONTROL MODULE",2,24V104000,24V739000,"24V104000; 24V739000"
BMW,Z4,ENGINE,2,19V732000,21V598000,"19V732000; 21V598000"
BMW,Z4,"EXTERIOR LIGHTING:HEADLIGHTS",2,19V850000,20V516000,"19V850000; 20V516000"
BMW,Z4,"ELECTRICAL SYSTEM:STARTER ASSEMBLY",2,26V056000,26V438000,"26V056000; 26V438000"
BUICK,ENCORE,"SEAT BELTS:PRETENSIONER",2,16V651000,17V437000,"16V651000; 17V437000"
CADILLAC,ATS,"STEERING:ELECTRIC POWER ASSIST SYSTEM",2,19V086000,25V175000,"19V086000; 25V175000"
CADILLAC,CTS,"STEERING:ELECTRIC POWER ASSIST SYSTEM",2,19V086000,25V175000,"19V086000; 25V175000"
CADILLAC,ESCALADE,"SEAT BELTS:PRETENSIONER",2,16V651000,17V437000,"16V651000; 17V437000"
CADILLAC,ESCALADE,"SERVICE BRAKES, HYDRAULIC:POWER ASSIST:VACUUM",2,19V645000,20V603000,"19V645000; 20V603000"
CADILLAC,ESCALADE,"EXTERIOR LIGHTING:LIGHTING CONTROL MODULE:SOFTWARE",2,22V827000,22V903000,"22V827000; 22V903000"
CADILLAC,ESCALADE,"POWER TRAIN:AUTOMATIC TRANSMISSION:FLUID/LUBRICANT:VALVES/VALVE BODY",2,24V797000,26V085000,"24V797000; 26V085000"
CAN-AM,RYKER,WHEELS:LUGS/NUTS/BOLTS/STUDS,2,19V683000,20V632000,"19V683000; 20V632000"
CHEVROLET,CAMARO,"STEERING:ELECTRIC POWER ASSIST SYSTEM",2,19V086000,25V175000,"19V086000; 25V175000"
CHEVROLET,CORVETTE,"SEAT BELTS:PRETENSIONER",2,16V651000,17V437000,"16V651000; 17V437000"
CHEVROLET,CORVETTE,"STEERING:ELECTRIC POWER ASSIST SYSTEM",2,19V086000,25V175000,"19V086000; 25V175000"
CHEVROLET,CORVETTE,"ELECTRICAL SYSTEM:SOFTWARE",2,20V461000,20V489000,"20V461000; 20V489000"
CHEVROLET,CORVETTE,"SEAT BELTS:FRONT:RETRACTOR",2,20V581000,24V418000,"20V581000; 24V418000"
CHEVROLET,SUBURBAN,"SEAT BELTS:PRETENSIONER",2,16V651000,17V437000,"16V651000; 17V437000"
CHEVROLET,SUBURBAN,"SEAT BELTS:REAR/OTHER",2,18V673000,21V190000,"18V673000; 21V190000"
CHEVROLET,SUBURBAN,"EXTERIOR LIGHTING:LIGHTING CONTROL MODULE:SOFTWARE",2,22V827000,22V903000,"22V827000; 22V903000"
CHEVROLET,SUBURBAN,"POWER TRAIN:AUTOMATIC TRANSMISSION:FLUID/LUBRICANT:VALVES/VALVE BODY",2,24V797000,26V085000,"24V797000; 26V085000"
CHEVROLET,TAHOE,"SEAT BELTS:PRETENSIONER",2,16V651000,17V437000,"16V651000; 17V437000"
CHEVROLET,TAHOE,"SEAT BELTS:FRONT",2,18V291000,21V245000,"18V291000; 21V245000"
CHEVROLET,TAHOE,"SERVICE BRAKES, HYDRAULIC:POWER ASSIST:VACUUM",2,19V645000,20V603000,"19V645000; 20V603000"
CHEVROLET,TAHOE,"SEAT BELTS:REAR/OTHER",2,21V190000,21V210000,"21V190000; 21V210000"
CHEVROLET,TAHOE,"SERVICE BRAKES, HYDRAULIC:POWER ASSIST:ELECTRIC:CONTROL MODULE:SOFTWARE",2,21V579000,24V674000,"21V579000; 24V674000"
CHEVROLET,TAHOE,"EXTERIOR LIGHTING:LIGHTING CONTROL MODULE:SOFTWARE",2,22V827000,22V903000,"22V827000; 22V903000"
CHEVROLET,TAHOE,"POWER TRAIN:AUTOMATIC TRANSMISSION:FLUID/LUBRICANT:VALVES/VALVE BODY",2,24V797000,26V085000,"24V797000; 26V085000"
CHEVROLET,TRAX,"SEAT BELTS:PRETENSIONER",2,16V651000,17V437000,"16V651000; 17V437000"
CHEVROLET,TRAX,"ELECTRICAL SYSTEM:SOFTWARE",2,16V257000,16V422000,"16V257000; 16V422000"
CHEVROLET,TRAX,"SUSPENSION:FRONT:CONTROL ARM:LOWER BALL JOINT",2,19V312000,19V652000,"19V312000; 19V652000"
CHRYSLER,300,"TIRES:PRESSURE MONITORING AND REGULATING SYSTEMS",2,22V504000,22V808000,"22V504000; 22V808000"
CHRYSLER,PACIFICA,"SEAT BELTS:REAR/OTHER",2,16V490000,17V542000,"16V490000; 17V542000"
CHRYSLER,PACIFICA,"ELECTRICAL SYSTEM:SOFTWARE",2,18V049000,18V332000,"18V049000; 18V332000"
CHRYSLER,PACIFICA,"ELECTRICAL SYSTEM:12V/24V/48V BATTERY",2,19V348000,23V753000,"19V348000; 23V753000"
CHRYSLER,PACIFICA,"EQUIPMENT ADAPTIVE/MOBILITY:WHEELCHAIR RESTRAINTS/SECUREMENT:LATCH/ANCHOR:",2,25V876000,25V877000,"25V876000; 25V877000"
CHRYSLER,PACIFICA,EQUIPMENT:APPLIANCE:TV/RADIO/SPEAKERS,2,25V388000,25V471000,"25V388000; 25V471000"
DODGE,CHALLENGER,"ELECTRICAL SYSTEM: INSTRUMENT CLUSTER/PANEL",2,19V203000,21V664000,"19V203000; 21V664000"
DODGE,CHALLENGER,"TIRES:PRESSURE MONITORING AND REGULATING SYSTEMS",2,22V504000,22V808000,"22V504000; 22V808000"
DODGE,CHARGER,"TIRES:PRESSURE MONITORING AND REGULATING SYSTEMS",2,22V504000,22V808000,"22V504000; 22V808000"
DODGE,DURANGO,"BACK OVER PREVENTION: SENSING SYSTEM: CAMERA",2,20V191000,24V436000,"20V191000; 24V436000"
DODGE,DURANGO,"SERVICE BRAKES, HYDRAULIC:ANTILOCK/TRACTION CONTROL/ELECTRONIC LIMITED SLIP:CONTROL UNIT/MODULE",2,22V426000,24V838000,"22V426000; 24V838000"
DODGE,DURANGO,STRUCTURE:BODY:HATCHBACK/LIFTGATE,2,23V115000,26V528000,"23V115000; 26V528000"
DODGE,JOURNEY,"BACK OVER PREVENTION: SENSING SYSTEM: CAMERA",2,18V398000,25V552000,"18V398000; 25V552000"
DUCATI,"PANIGALE V4","ENGINE AND ENGINE COOLING:ENGINE",2,18V834000,18V854000,"18V834000; 18V854000"
DUCATI,"PANIGALE V4","FUEL SYSTEM, GASOLINE:STORAGE:TANK ASSEMBLY:FILLER PIPE AND CAP",2,18V238000,19V382000,"18V238000; 19V382000"
FORD,BRONCO,"AIR BAGS:FRONTAL",2,21V770000,25V396000,"21V770000; 25V396000"
FORD,BRONCO,VISIBILITY:WINDSHIELD,2,22V451000,25V683000,"22V451000; 25V683000"
FORD,BRONCO,"POWER TRAIN:AUTOMATIC TRANSMISSION",2,23V070000,26V236000,"23V070000; 26V236000"
FORD,BRONCO,"ENGINE AND ENGINE COOLING:ENGINE:HARD PARTS INTERNAL/MECHANICAL",2,24V635000,26V343000,"24V635000; 26V343000"
FORD,BRONCO,"FUEL SYSTEM, GASOLINE:DELIVERY:FUEL PUMP",2,25V455000,25V597000,"25V455000; 25V597000"
FORD,BRONCO,"BACK OVER PREVENTION:SOFTWARE",2,25V315000,26V124000,"25V315000; 26V124000"
FORD,EDGE,"POWER TRAIN:AUTOMATIC TRANSMISSION:TORQUE CONVERTER",2,17V427000,18V390000,"17V427000; 18V390000"
FORD,EDGE,"SEAT BELTS:PRETENSIONER",2,19V766000,21V377000,"19V766000; 21V377000"
FORD,EDGE,"BACK OVER PREVENTION: SENSING SYSTEM: CAMERA",2,20V575000,25V572000,"20V575000; 25V572000"
FORD,EXPLORER,"PARKING BRAKE",2,15V464000,19V575000,"15V464000; 19V575000"
FORD,EXPLORER,"SEATS:FRONT ASSEMBLY:RECLINER",2,16V475000,17V332000,"16V475000; 17V332000"
FORD,EXPLORER,SEATS,2,17V767000,19V651000,"17V767000; 19V651000"
FORD,EXPLORER,"FUEL SYSTEM, GASOLINE:DELIVERY:HOSES, LINES/PIPING, AND FITTINGS",2,19V859000,22V685000,"19V859000; 22V685000"
FORD,EXPLORER,"BACK OVER PREVENTION:DISPLAY FUNCTION",2,23V305000,23V686000,"23V305000; 23V686000"
FORD,EXPLORER,"EQUIPMENT:ELECTRICAL:ENGINE BLOCK HEATER",2,25V685000,26V012000,"25V685000; 26V012000"
FORD,EXPLORER,"SEAT BELTS",2,25V093000,26V159000,"25V093000; 26V159000"
FORD,EXPLORER,"STRUCTURE:FRAME AND MEMBERS",2,25V020000,25V316000,"25V020000; 25V316000"
FORD,F-150,"SEATS:FRONT ASSEMBLY:RECLINER",2,16V475000,17V332000,"16V475000; 17V332000"
FORD,F-150,SEATS,2,17V599000,17V767000,"17V599000; 17V767000"
FORD,F-150,LATCHES/LOCKS/LINKAGES:DOORS:LATCH,2,17V331000,17V652000,"17V331000; 17V652000"
FORD,F-150,"POWER TRAIN:AUTOMATIC TRANSMISSION:GEAR POSITION INDICATION (PRNDL)",2,18V214000,20V197000,"18V214000; 20V197000"
FORD,F-150,"FUEL SYSTEM, GASOLINE:DELIVERY:FUEL PUMP",2,18V392000,25V455000,"18V392000; 25V455000"
FORD,F-150,"EXTERIOR LIGHTING:HEADLIGHTS",2,20V097000,26V373000,"20V097000; 26V373000"
FORD,F-150,"BACK OVER PREVENTION: SENSING SYSTEM: CAMERA",2,20V575000,22V252000,"20V575000; 22V252000"
FORD,F-150,"STRUCTURE:FRAME AND MEMBERS:UNDERBODY SHIELDS",2,21V986000,22V623000,"21V986000; 22V623000"
FORD,F-150,"VISIBILITY:WINDSHIELD WIPER/WASHER:MOTOR",2,22V142000,22V842000,"22V142000; 22V842000"
FORD,F-150,"ELECTRICAL SYSTEM: INTEGRATED TRAILER BRAKE CONTROL",2,22V193000,25V132000,"22V193000; 25V132000"
FORD,F-150,"VISIBILITY:WINDSHIELD WIPER/WASHER:LINKAGES",2,22V250000,23V163000,"22V250000; 23V163000"
FORD,F-150,STEERING:COLUMN,2,22V253000,24V329000,"22V253000; 24V329000"
FORD,F-150,"POWER TRAIN:AXLE HUBS",2,23V896000,25V512000,"23V896000; 25V512000"
FORD,F-150,"ENGINE AND ENGINE COOLING:ENGINE:HARD PARTS INTERNAL/MECHANICAL",2,24V635000,25V344000,"24V635000; 25V344000"
FORD,F-150,EQUIPMENT:OTHER:LABELS,2,24V852000,25V271000,"24V852000; 25V271000"
FORD,F-150,"ENGINE AND ENGINE COOLING:ENGINE:OIL/LUBRICATION",2,24V851000,25V198000,"24V851000; 25V198000"
FORD,F-150,"BACK OVER PREVENTION:SOFTWARE",2,25V315000,25V442000,"25V315000; 25V442000"
FORD,F-150,STEERING,2,25V022000,25V309000,"25V022000; 25V309000"
FORD,FIESTA,"BACK OVER PREVENTION: SENSING SYSTEM: CAMERA",2,24V951000,25V695000,"24V951000; 25V695000"
FORD,FOCUS,"EQUIPMENT:ELECTRICAL:ENGINE BLOCK HEATER",2,26V011000,26V012000,"26V011000; 26V012000"
FORD,MUSTANG,"POWER TRAIN:AUTOMATIC TRANSMISSION",2,18V213000,23V070000,"18V213000; 23V070000"
FORD,MUSTANG,"SERVICE BRAKES, HYDRAULIC:PEDALS AND LINKAGES",2,20V573000,23V800000,"20V573000; 23V800000"
FORD,MUSTANG,"FORWARD COLLISION AVOIDANCE: SENSING SYSTEM: CAMERA",2,20V306000,22V334000,"20V306000; 22V334000"
FORD,MUSTANG,"ELECTRICAL SYSTEM:BODY CONTROL MODULE/BCM",2,23V727000,25V689000,"23V727000; 25V689000"
FORD,MUSTANG,"STEERING:ELECTRIC POWER ASSIST SYSTEM",2,24V493000,25V096000,"24V493000; 25V096000"
FORD,MUSTANG,"BACK OVER PREVENTION:SOFTWARE",2,25V315000,25V442000,"25V315000; 25V442000"
FORD,RANGER,"VISIBILITY:DEFROSTER/DEFOGGER/HVAC SYSTEM:FAN/MOTOR",2,19V726000,20V137000,"19V726000; 20V137000"
FORD,RANGER,"EXTERIOR LIGHTING:TAIL LIGHTS",2,19V839000,26V104000,"19V839000; 26V104000"
FORD,RANGER,"BACK OVER PREVENTION: SENSING SYSTEM: CAMERA",2,20V575000,25V572000,"20V575000; 25V572000"
FORD,RANGER,"FUEL SYSTEM, GASOLINE:DELIVERY:HOSES, LINES/PIPING, AND FITTINGS",2,22V685000,24V848000,"22V685000; 24V848000"
FORD,RANGER,VISIBILITY:WINDSHIELD,2,22V451000,25V683000,"22V451000; 25V683000"
FORD,RANGER,"VISIBILITY:POWER WINDOW DEVICES AND CONTROLS",2,24V597000,25V237000,"24V597000; 25V237000"
FORD,RANGER,"SUSPENSION:FRONT:CONTROL ARM:UPPER BALL JOINT",2,24V770000,25V310000,"24V770000; 25V310000"
FORD,RANGER,"BACK OVER PREVENTION:SOFTWARE",2,25V315000,25V442000,"25V315000; 25V442000"
FORD,RANGER,"SEATS:CRITICAL FASTENERS",2,25V311000,26V268000,"25V311000; 26V268000"
FORD,TRANSIT,"AIR BAGS:SIDE/WINDOW",2,16V188000,20V415000,"16V188000; 20V415000"
FORD,TRANSIT,"ELECTRICAL SYSTEM:WIRING",2,17V668000,18V275000,"17V668000; 18V275000"
FORD,TRANSIT,"EQUIPMENT ADAPTIVE/MOBILITY",2,19V183000,19V271000,"19V183000; 19V271000"
FORD,TRANSIT,EQUIPMENT:OTHER:LABELS,2,22V384000,24V636000,"22V384000; 24V636000"
FORD,TRANSIT,"VISIBILITY:DEFROSTER/DEFOGGER/HVAC SYSTEM",2,23V122000,25V168000,"23V122000; 25V168000"
FORD,TRANSIT,"BACK OVER PREVENTION:SOFTWARE",2,25V315000,25V442000,"25V315000; 25V442000"
FORD,"TRANSIT CONNECT","POWER TRAIN:AUTOMATIC TRANSMISSION:CONTROL MODULE (TCM/PCM/TECM)",2,20V636000,25V196000,"20V636000; 25V196000"
FORD,"TRANSIT CONNECT","POWER TRAIN:SHIFT LINKAGE/CABLE/ROD",2,21V376000,22V413000,"21V376000; 22V413000"
GENESIS,G80,"FUEL SYSTEM, GASOLINE:DELIVERY:HOSES, LINES/PIPING, AND FITTINGS",2,21V208000,26V229000,"21V208000; 26V229000"
GENESIS,G80,"FUEL SYSTEM, GASOLINE:DELIVERY:FUEL PUMP",2,23V630000,24V282000,"23V630000; 24V282000"
GENESIS,G80,"ELECTRICAL SYSTEM: INSTRUMENT CLUSTER/PANEL",2,25V105000,26V019000,"25V105000; 26V019000"
HARLEY-DAVIDSON,FLHC,"SUSPENSION:REAR:SHOCK ABSORBER",2,23V591000,25V375000,"23V591000; 25V375000"
HARLEY-DAVIDSON,FLHTCU,"POWER TRAIN:CLUTCH ASSEMBLY",2,16V471000,18V734000,"16V471000; 18V734000"
HARLEY-DAVIDSON,FLHTK,"POWER TRAIN:CLUTCH ASSEMBLY",2,16V471000,18V734000,"16V471000; 18V734000"
HARLEY-DAVIDSON,FLHTKSE,"POWER TRAIN:CLUTCH ASSEMBLY",2,16V471000,18V734000,"16V471000; 18V734000"
HARLEY-DAVIDSON,FLHTP,"POWER TRAIN:CLUTCH ASSEMBLY",2,16V471000,18V734000,"16V471000; 18V734000"
HARLEY-DAVIDSON,FLHX,"POWER TRAIN:CLUTCH ASSEMBLY",2,16V471000,18V734000,"16V471000; 18V734000"
HARLEY-DAVIDSON,FLHXS,"POWER TRAIN:CLUTCH ASSEMBLY",2,16V471000,18V734000,"16V471000; 18V734000"
HARLEY-DAVIDSON,FLTRX,"POWER TRAIN:CLUTCH ASSEMBLY",2,16V471000,18V734000,"16V471000; 18V734000"
HARLEY-DAVIDSON,FXLRST,"SUSPENSION:REAR:SHOCK ABSORBER",2,23V591000,25V375000,"23V591000; 25V375000"
HONDA,ACCORD,"AIR BAGS:SENSOR:OCCUPANT CLASSIFICATION:FRONT PASSENGER",2,24V064000,26V332000,"24V064000; 26V332000"
HONDA,ACCORD,"SEATS:CRITICAL FASTENERS",2,24V859000,26V054000,"24V859000; 26V054000"
HONDA,CIVIC,"AIR BAGS:SENSOR:OCCUPANT CLASSIFICATION:FRONT PASSENGER",2,24V064000,26V332000,"24V064000; 26V332000"
HONDA,CR-V,EQUIPMENT:OTHER:LABELS,2,17V256000,23V524000,"17V256000; 23V524000"
HONDA,CR-V,"FUEL SYSTEM, GASOLINE:STORAGE:TANK ASSEMBLY",2,19V569000,22V380000,"19V569000; 22V380000"
HONDA,CR-V,"FUEL SYSTEM, GASOLINE:DELIVERY:FUEL PUMP",2,21V215000,23V858000,"21V215000; 23V858000"
HONDA,CR-V,"AIR BAGS:SENSOR:OCCUPANT CLASSIFICATION:FRONT PASSENGER",2,24V064000,26V332000,"24V064000; 26V332000"
HONDA,FIT,"AIR BAGS:SENSOR:OCCUPANT CLASSIFICATION:FRONT PASSENGER",2,24V064000,26V332000,"24V064000; 26V332000"
HONDA,HR-V,"AIR BAGS:SENSOR:OCCUPANT CLASSIFICATION:FRONT PASSENGER",2,24V064000,26V332000,"24V064000; 26V332000"
HONDA,HR-V,"SEATS:CRITICAL FASTENERS",2,24V859000,26V054000,"24V859000; 26V054000"
HONDA,INSIGHT,"AIR BAGS:SENSOR:OCCUPANT CLASSIFICATION:FRONT PASSENGER",2,24V064000,26V332000,"24V064000; 26V332000"
HONDA,ODYSSEY,LATCHES/LOCKS/LINKAGES:DOORS:LATCH,2,18V795000,20V437000,"18V795000; 20V437000"
HONDA,ODYSSEY,"FUEL SYSTEM, GASOLINE:DELIVERY:FUEL PUMP",2,21V215000,23V858000,"21V215000; 23V858000"
HONDA,ODYSSEY,"AIR BAGS:SENSOR:OCCUPANT CLASSIFICATION:FRONT PASSENGER",2,24V064000,26V332000,"24V064000; 26V332000"
HONDA,PASSPORT,"BACK OVER PREVENTION: SENSING SYSTEM: CAMERA",2,20V439000,20V440000,"20V439000; 20V440000"
HONDA,PASSPORT,"FUEL SYSTEM, GASOLINE:DELIVERY:FUEL PUMP",2,21V215000,23V858000,"21V215000; 23V858000"
HONDA,PASSPORT,"AIR BAGS:SENSOR:OCCUPANT CLASSIFICATION:FRONT PASSENGER",2,24V064000,26V332000,"24V064000; 26V332000"
HONDA,PILOT,"SEAT BELTS:REAR/OTHER",2,15V424000,25V056000,"15V424000; 25V056000"
HONDA,PILOT,"BACK OVER PREVENTION: SENSING SYSTEM: CAMERA",2,20V439000,20V440000,"20V439000; 20V440000"
HONDA,PILOT,TIRES,2,20V725000,21V165000,"20V725000; 21V165000"
HONDA,PILOT,"FUEL SYSTEM, GASOLINE:DELIVERY:FUEL PUMP",2,21V215000,23V858000,"21V215000; 23V858000"
HONDA,PILOT,"AIR BAGS:SENSOR:OCCUPANT CLASSIFICATION:FRONT PASSENGER",2,24V064000,26V332000,"24V064000; 26V332000"
HONDA,PILOT,"SEATS:CRITICAL FASTENERS",2,24V859000,26V054000,"24V859000; 26V054000"
HONDA,RIDGELINE,"BACK OVER PREVENTION: SENSING SYSTEM: CAMERA",2,22V867000,24V321000,"22V867000; 24V321000"
HONDA,RIDGELINE,"AIR BAGS:SENSOR:OCCUPANT CLASSIFICATION:FRONT PASSENGER",2,24V064000,26V332000,"24V064000; 26V332000"
HYUNDAI,ELANTRA,"AIR BAGS:FRONTAL:DRIVER SIDE:INFLATOR MODULE",2,16V956000,26V307000,"16V956000; 26V307000"
HYUNDAI,ELANTRA,"AIR BAGS:FRONTAL",2,16V232000,22V632000,"16V232000; 22V632000"
HYUNDAI,ELANTRA,"SEAT BELTS:PRETENSIONER",2,21V796000,22V123000,"21V796000; 22V123000"
HYUNDAI,ELANTRA,"SEAT BELTS:FRONT",2,22V218000,22V354000,"22V218000; 22V354000"
HYUNDAI,"SANTA FE","TRAILER HITCHES",2,16V842000,23V181000,"16V842000; 23V181000"
HYUNDAI,"SANTA FE","FUEL SYSTEM, GASOLINE:DELIVERY:HOSES, LINES/PIPING, AND FITTINGS",2,21V308000,21V524000,"21V308000; 21V524000"
HYUNDAI,SONATA,"ELECTRICAL SYSTEM:SOFTWARE",2,20V213000,21V749000,"20V213000; 21V749000"
HYUNDAI,SONATA,"LATCHES/LOCKS/LINKAGES:TRUNK LID:LATCH",2,21V619000,22V196000,"21V619000; 22V196000"
HYUNDAI,TUCSON,"ELECTRICAL SYSTEM:SOFTWARE",2,16V628000,21V938000,"16V628000; 21V938000"
HYUNDAI,TUCSON,"TRAILER HITCHES",2,16V842000,25V893000,"16V842000; 25V893000"
HYUNDAI,TUCSON,EQUIPMENT:OTHER:LABELS,2,23V556000,24V691000,"23V556000; 24V691000"
HYUNDAI,VELOSTER,ENGINE,2,20V746000,21V301000,"20V746000; 21V301000"
JAGUAR,F-TYPE,"SEAT BELTS:PRETENSIONER",2,16V940000,22V524000,"16V940000; 22V524000"
JAGUAR,XE,"BACK OVER PREVENTION: SENSING SYSTEM: CAMERA",2,23V501000,25V017000,"23V501000; 25V017000"
JEEP,CHEROKEE,STRUCTURE:BODY:HATCHBACK/LIFTGATE,2,15V826000,23V338000,"15V826000; 23V338000"
JEEP,CHEROKEE,"ENGINE AND ENGINE COOLING:ENGINE",2,17V670000,18V344000,"17V670000; 18V344000"
JEEP,CHEROKEE,"POWER TRAIN",2,25V011000,26V290000,"25V011000; 26V290000"
JEEP,COMPASS,"ENGINE AND ENGINE COOLING:ENGINE",2,16V907000,17V670000,"16V907000; 17V670000"
JEEP,"GRAND CHEROKEE","FUEL SYSTEM, GASOLINE:DELIVERY:HOSES, LINES/PIPING, AND FITTINGS",2,16V814000,18V048000,"16V814000; 18V048000"
JEEP,"GRAND CHEROKEE","ENGINE AND ENGINE COOLING:EXHAUST SYSTEM:EMISSION CONTROL:GAS RECIRCULATION VALVE (EGR VALVE)",2,20V699000,22V284000,"20V699000; 22V284000"
JEEP,"GRAND CHEROKEE","EXTERIOR LIGHTING:HEADLIGHTS",2,21V797000,24V130000,"21V797000; 24V130000"
JEEP,"GRAND CHEROKEE","AIR BAGS: AIR BAG/RESTRAINT CONTROL MODULE:SOFTWARE",2,21V873000,26V328000,"21V873000; 26V328000"
JEEP,"GRAND CHEROKEE","SERVICE BRAKES, HYDRAULIC:ANTILOCK/TRACTION CONTROL/ELECTRONIC LIMITED SLIP:CONTROL UNIT/MODULE",2,22V426000,24V838000,"22V426000; 24V838000"
JEEP,"GRAND WAGONEER","BACK OVER PREVENTION:DISPLAY FUNCTION",2,21V00A000,23V577000,"21V00A000; 23V577000"
JEEP,"GRAND WAGONEER","STRUCTURE:EXTERIOR TRIM",2,25V593000,25V642000,"25V593000; 25V642000"
JEEP,RENEGADE,"AIR BAGS: AIR BAG/RESTRAINT CONTROL MODULE",2,19V287000,19V438000,"19V287000; 19V438000"
JEEP,WAGONEER,"BACK OVER PREVENTION:DISPLAY FUNCTION",2,21V00A000,23V577000,"21V00A000; 23V577000"
JEEP,WAGONEER,"STRUCTURE:EXTERIOR TRIM",2,25V593000,25V642000,"25V593000; 25V642000"
JEEP,WRANGLER,STEERING,2,18V343000,19V201000,"18V343000; 19V201000"
JEEP,WRANGLER,"STRUCTURE:FRAME AND MEMBERS",2,18V675000,23V191000,"18V675000; 23V191000"
JEEP,WRANGLER,ENGINE,2,22V767000,22V865000,"22V767000; 22V865000"
JEEP,WRANGLER,"EXTERIOR LIGHTING",2,22V326000,24V871000,"22V326000; 24V871000"
JEEP,WRANGLER,"EXTERIOR LIGHTING:TAIL LIGHTS",2,24V414000,24V585000,"24V414000; 24V585000"
JEEP,WRANGLER,"AIR BAGS:FRONTAL:DRIVER CLOCKSPRING/SPIRAL CASSETTE",2,24V196000,24V199000,"24V196000; 24V199000"
KIA,RIO,"LATCHES/LOCKS/LINKAGES:TRUNK LID:LATCH",2,21V622000,23V594000,"21V622000; 23V594000"
KIA,SORENTO,"TRAILER HITCHES",2,16V862000,22V703000,"16V862000; 22V703000"
KIA,SORENTO,"BACK OVER PREVENTION: SENSING SYSTEM: CAMERA",2,23V610000,23V639000,"23V610000; 23V639000"
KIA,SOUL,ENGINE,2,19V120000,21V259000,"19V120000; 21V259000"
KIA,SOUL,"AIR BAGS",2,22V031000,23V830000,"22V031000; 23V830000"
KIA,SPORTAGE,"SERVICE BRAKES, HYDRAULIC:ANTILOCK/TRACTION CONTROL/ELECTRONIC LIMITED SLIP:CONTROL UNIT/MODULE",2,21V137000,22V051000,"21V137000; 22V051000"
KIA,STINGER,"FUEL SYSTEM, GASOLINE:DELIVERY:FUEL PUMP",2,20V560000,23V634000,"20V560000; 23V634000"
"LAND ROVER",DISCOVERY,"ELECTRICAL SYSTEM:SOFTWARE",2,18V337000,20V143000,"18V337000; 20V143000"
"LAND ROVER",DISCOVERY,"ELECTRICAL SYSTEM:12V/24V/48V BATTERY",2,20V694000,21V457000,"20V694000; 21V457000"
"LAND ROVER","DISCOVERY SPORT","SEAT BELTS:PRETENSIONER",2,16V942000,22V523000,"16V942000; 22V523000"
"LAND ROVER","RANGE ROVER","AIR BAGS:FRONTAL:PASSENGER SIDE:INFLATOR MODULE",2,16V941000,17V154000,"16V941000; 17V154000"
"LAND ROVER","RANGE ROVER",ENGINE,2,19V040000,23V222000,"19V040000; 23V222000"
"LAND ROVER","RANGE ROVER EVOQUE","ELECTRICAL SYSTEM:SOFTWARE",2,20V517000,20V683000,"20V517000; 20V683000"
"LAND ROVER","RANGE ROVER SPORT","SEAT BELTS:PRETENSIONER",2,16V942000,22V523000,"16V942000; 22V523000"
"LAND ROVER","RANGE ROVER SPORT","AIR BAGS:FRONTAL:PASSENGER SIDE:INFLATOR MODULE",2,16V941000,17V154000,"16V941000; 17V154000"
"LAND ROVER","RANGE ROVER SPORT","ELECTRICAL SYSTEM:SOFTWARE",2,18V337000,20V585000,"18V337000; 20V585000"
LEXUS,ES,"BACK OVER PREVENTION:DISPLAY FUNCTION",2,24V124000,25V744000,"24V124000; 25V744000"
LEXUS,LC,"BACK OVER PREVENTION:DISPLAY FUNCTION",2,24V124000,25V744000,"24V124000; 25V744000"
LEXUS,LS,"BACK OVER PREVENTION:DISPLAY FUNCTION",2,24V124000,25V744000,"24V124000; 25V744000"
LEXUS,LX,"ENGINE AND ENGINE COOLING:ENGINE:HARD PARTS INTERNAL/MECHANICAL",2,24V381000,25V767000,"24V381000; 25V767000"
MASERATI,GHIBLI,"FUEL SYSTEM, GASOLINE:DELIVERY:PRESSURE SENSOR",2,21V872000,24V269000,"21V872000; 24V269000"
MASERATI,GRANTURISMO,"BACK OVER PREVENTION:SOFTWARE",2,24V892000,25V098000,"24V892000; 25V098000"
MASERATI,QUATTROPORTE,"FUEL SYSTEM, GASOLINE:DELIVERY:HOSES, LINES/PIPING, AND FITTINGS",2,17V834000,21V872000,"17V834000; 21V872000"
MAZDA,MAZDA3,"FUEL SYSTEM, GASOLINE:STORAGE:TANK ASSEMBLY",2,15V621000,16V684000,"15V621000; 16V684000"
MERCEDES-BENZ,"AMG GT",COMMUNICATION,2,19V787000,20V227000,"19V787000; 20V227000"
MERCEDES-BENZ,"AMG GT","POWER TRAIN:DRIVELINE:DRIVESHAFT",2,19V457000,21V478000,"19V457000; 21V478000"
MERCEDES-BENZ,"AMG GT","COMMUNICATION: AUTO CRASH NOTIFICATION",2,21V058000,22V365000,"21V058000; 22V365000"
MINI,COOPER,"SEAT BELTS:FRONT:RETRACTOR",2,16V747000,25V616000,"16V747000; 25V616000"
MINI,COUNTRYMAN,"ELECTRICAL SYSTEM:PROPULSION SYSTEM:TRACTION BATTERY",2,20V490000,20V601000,"20V490000; 20V601000"
MITSUBISHI,OUTLANDER,"PARKING BRAKE",2,18V070000,20V741000,"18V070000; 20V741000"
MITSUBISHI,OUTLANDER,"SEAT BELTS:REAR/OTHER:RETRACTOR",2,21V596000,22V335000,"21V596000; 22V335000"
MITSUBISHI,OUTLANDER,"BACK OVER PREVENTION:DISPLAY FUNCTION",2,22V470000,23V345000,"22V470000; 23V345000"
MITSUBISHI,OUTLANDER,"BACK OVER PREVENTION:SOFTWARE",2,25V369000,26V549000,"25V369000; 26V549000"
MITSUBISHI,OUTLANDER,"STRUCTURE:BODY:HATCHBACK/LIFTGATE:SUPPORT DEVICE/STRUT",2,25V507000,26V252000,"25V507000; 26V252000"
NISSAN,ARIYA,"ELECTRICAL SYSTEM:PROPULSION SYSTEM:INVERTER",2,23V657000,24V560000,"23V657000; 24V560000"
NISSAN,MAXIMA,"AIR BAGS:SENSOR:OCCUPANT CLASSIFICATION",2,16V244000,16V911000,"16V244000; 16V911000"
NISSAN,PATHFINDER,"SERVICE BRAKES, HYDRAULIC:ANTILOCK/TRACTION CONTROL/ELECTRONIC LIMITED SLIP",2,18V601000,19V807000,"18V601000; 19V807000"
NISSAN,PATHFINDER,LATCHES/LOCKS/LINKAGES:HOOD:LATCH,2,21V706000,22V420000,"21V706000; 22V420000"
POLARIS,SLINGSHOT,SEATS,2,18V195000,19V185000,"18V195000; 19V185000"
POLARIS,SLINGSHOT,"ELECTRICAL SYSTEM:WIRING:FUSES AND CIRCUIT BREAKERS",2,19V750000,19V881000,"19V750000; 19V881000"
POLESTAR,"POLESTAR 1","ELECTRICAL SYSTEM:12V/24V/48V BATTERY",2,22V926000,23V361000,"22V926000; 23V361000"
POLESTAR,"POLESTAR 2","BACK OVER PREVENTION:SOFTWARE",2,25V280000,25V615000,"25V280000; 25V615000"
PORSCHE,CAYENNE,"SERVICE BRAKES",2,19V115000,19V735000,"19V115000; 19V735000"
PORSCHE,CAYENNE,"BACK OVER PREVENTION: SENSING SYSTEM: CAMERA",2,19V111000,25V896000,"19V111000; 25V896000"
PORSCHE,MACAN,"FUEL SYSTEM, GASOLINE:DELIVERY:FUEL PUMP",2,17V289000,20V077000,"17V289000; 20V077000"
PORSCHE,PANAMERA,"SERVICE BRAKES",2,19V115000,19V735000,"19V115000; 19V735000"
PORSCHE,TAYCAN,"SUSPENSION:FRONT:MACPHERSON STRUT",2,22V921000,25V415000,"22V921000; 25V415000"
PORSCHE,TAYCAN,"ELECTRICAL SYSTEM: INSTRUMENT CLUSTER/PANEL",2,23V176000,23V347000,"23V176000; 23V347000"
SUBARU,FORESTER,EQUIPMENT:OTHER:LABELS,2,18V455000,26V436000,"18V455000; 26V436000"
SUBARU,IMPREZA,"EXTERIOR LIGHTING:BRAKE LIGHTS:SWITCH",2,19V149000,23V292000,"19V149000; 23V292000"
SUBARU,IMPREZA,"ENGINE AND ENGINE COOLING:EXHAUST SYSTEM:EMISSION CONTROL:CRANKCASE (PCV)",2,19V744000,19V745000,"19V744000; 19V745000"
SUBARU,IMPREZA,"ELECTRICAL SYSTEM:SOFTWARE",2,19V743000,21V264000,"19V743000; 21V264000"
SUBARU,IMPREZA,"FUEL SYSTEM, GASOLINE:DELIVERY:FUEL PUMP",2,20V218000,21V587000,"20V218000; 21V587000"
SUBARU,IMPREZA,"POWER TRAIN:DRIVELINE:DRIVESHAFT",2,23V647000,23V754000,"23V647000; 23V754000"
SUBARU,LEGACY,"POWER TRAIN:DRIVELINE:DRIVESHAFT",2,15V502000,23V647000,"15V502000; 23V647000"
SUBARU,LEGACY,"FUEL SYSTEM, GASOLINE:DELIVERY:FUEL PUMP",2,20V218000,21V587000,"20V218000; 21V587000"
SUBARU,LEGACY,"POWER TRAIN:DRIVELINE:CHAIN/BELT",2,21V955000,22V485000,"21V955000; 22V485000"
SUBARU,OUTBACK,"FUEL SYSTEM, GASOLINE:DELIVERY:FUEL PUMP",2,20V218000,21V587000,"20V218000; 21V587000"
SUBARU,OUTBACK,"POWER TRAIN:DRIVELINE:CHAIN/BELT",2,21V955000,22V485000,"21V955000; 22V485000"
TESLA,"MODEL 3","STEERING:AUTOMATED/ADAPTIVE STEERING",2,22V037000,23V085000,"22V037000; 23V085000"
TESLA,"MODEL 3","ELECTRICAL SYSTEM:SOFTWARE",2,22V050000,24V554000,"22V050000; 24V554000"
TESLA,"MODEL 3","ELECTRICAL SYSTEM: INSTRUMENT CLUSTER/PANEL",2,22V263000,24V051000,"22V263000; 24V051000"
TESLA,"MODEL 3","BACK OVER PREVENTION:SOFTWARE",2,25V002000,26V283000,"25V002000; 26V283000"
TESLA,"MODEL S","STEERING:ELECTRIC POWER ASSIST SYSTEM",2,18V204000,22V818000,"18V204000; 22V818000"
TESLA,"MODEL S","AIR BAGS:FRONTAL:DRIVER SIDE:CUSHION",2,21V868000,24V967000,"21V868000; 24V967000"
TESLA,"MODEL S","FORWARD COLLISION AVOIDANCE: SENSING SYSTEM: CAMERA",2,21V846000,23V489000,"21V846000; 23V489000"
TESLA,"MODEL S","STEERING:AUTOMATED/ADAPTIVE STEERING",2,22V037000,23V085000,"22V037000; 23V085000"
TESLA,"MODEL S","SEAT BELTS:FRONT",2,22V045000,23V488000,"22V045000; 23V488000"
TESLA,"MODEL S","BACK OVER PREVENTION:SOFTWARE",2,25V002000,26V283000,"25V002000; 26V283000"
TESLA,"MODEL X","STEERING:ELECTRIC POWER ASSIST SYSTEM",2,20V062000,22V818000,"20V062000; 22V818000"
TESLA,"MODEL X",STRUCTURE:BODY,2,20V710000,24V615000,"20V710000; 24V615000"
TESLA,"MODEL X","AIR BAGS:FRONTAL:DRIVER SIDE:CUSHION",2,21V868000,24V967000,"21V868000; 24V967000"
TESLA,"MODEL X","FORWARD COLLISION AVOIDANCE: SENSING SYSTEM: CAMERA",2,21V846000,23V489000,"21V846000; 23V489000"
TESLA,"MODEL X","STEERING:AUTOMATED/ADAPTIVE STEERING",2,22V037000,23V085000,"22V037000; 23V085000"
TESLA,"MODEL X","SEAT BELTS:FRONT",2,22V045000,23V488000,"22V045000; 23V488000"
TESLA,"MODEL X","BACK OVER PREVENTION:SOFTWARE",2,25V002000,26V283000,"25V002000; 26V283000"
TESLA,"MODEL Y","SEAT BELTS:CRITICAL FASTENERS",2,21V388000,21V389000,"21V388000; 21V389000"
TESLA,"MODEL Y","SUSPENSION:CRITICAL FASTENERS",2,21V835000,22V895000,"21V835000; 22V895000"
TESLA,"MODEL Y","FORWARD COLLISION AVOIDANCE: SENSING SYSTEM: CAMERA",2,21V846000,23V489000,"21V846000; 23V489000"
TESLA,"MODEL Y","STEERING:AUTOMATED/ADAPTIVE STEERING",2,22V037000,23V085000,"22V037000; 23V085000"
TESLA,"MODEL Y","ELECTRICAL SYSTEM:SOFTWARE",2,22V050000,24V554000,"22V050000; 24V554000"
TESLA,"MODEL Y","BACK OVER PREVENTION:SOFTWARE",2,25V002000,26V283000,"25V002000; 26V283000"
TOYOTA,CAMRY,"SERVICE BRAKES, HYDRAULIC:POWER ASSIST:VACUUM",2,18V211000,21V890000,"18V211000; 21V890000"
TOYOTA,COROLLA,"FUEL SYSTEM, GASOLINE:DELIVERY:FUEL PUMP",2,20V012000,20V682000,"20V012000; 20V682000"
TOYOTA,COROLLA,"AIR BAGS:FRONTAL:DRIVER CLOCKSPRING/SPIRAL CASSETTE",2,23V480000,25V040000,"23V480000; 25V040000"
TOYOTA,"COROLLA CROSS","ELECTRICAL SYSTEM: INSTRUMENT CLUSTER/PANEL",2,23V384000,23V864000,"23V384000; 23V864000"
TOYOTA,"COROLLA CROSS","AIR BAGS:FRONTAL:DRIVER CLOCKSPRING/SPIRAL CASSETTE",2,23V480000,25V040000,"23V480000; 25V040000"
TOYOTA,HIGHLANDER,"FUEL SYSTEM, GASOLINE:DELIVERY:FUEL PUMP",2,20V012000,20V682000,"20V012000; 20V682000"
TOYOTA,HIGHLANDER,"AIR BAGS:FRONTAL:DRIVER CLOCKSPRING/SPIRAL CASSETTE",2,23V480000,25V040000,"23V480000; 25V040000"
TOYOTA,HIGHLANDER,TIRES,2,24V419000,24V452000,"24V419000; 24V452000"
TOYOTA,MIRAI,"BACK OVER PREVENTION:DISPLAY FUNCTION",2,24V124000,25V744000,"24V124000; 25V744000"
TOYOTA,PRIUS,EQUIPMENT:OTHER:LABELS,2,19V244000,24V548000,"19V244000; 24V548000"
TOYOTA,PRIUS,"ELECTRICAL SYSTEM:WIRING:SWITCHES/KNOBS/BUTTONS",2,24V274000,26V049000,"24V274000; 26V049000"
TOYOTA,TUNDRA,"FUEL SYSTEM, GASOLINE:DELIVERY:FUEL PUMP",2,20V012000,20V682000,"20V012000; 20V682000"
TOYOTA,TUNDRA,"BACK OVER PREVENTION:DISPLAY FUNCTION",2,22V285000,22V501000,"22V285000; 22V501000"
TOYOTA,TUNDRA,"BACK OVER PREVENTION:SOFTWARE",2,25V657000,26V038000,"25V657000; 26V038000"
TRIUMPH,"STREET SCRAMBLER","ELECTRICAL SYSTEM:WIRING",2,19V133000,20V472000,"19V133000; 20V472000"
TRIUMPH,"STREET SCRAMBLER","ELECTRICAL SYSTEM:WIRING:CONNECTORS/PLUGS/RECEPTACLES",2,24V785000,26V078000,"24V785000; 26V078000"
TRIUMPH,"STREET TWIN","ELECTRICAL SYSTEM:WIRING:CONNECTORS/PLUGS/RECEPTACLES",2,24V785000,26V078000,"24V785000; 26V078000"
VOLKSWAGEN,ATLAS,"AIR BAGS: AIR BAG/RESTRAINT CONTROL MODULE",2,18V537000,21V892000,"18V537000; 21V892000"
VOLKSWAGEN,ATLAS,"SERVICE BRAKES, HYDRAULIC:FOUNDATION COMPONENTS:DISC:CALIPER",2,18V369000,18V536000,"18V369000; 18V536000"
VOLKSWAGEN,ATLAS,"FUEL SYSTEM, GASOLINE:STORAGE:TANK ASSEMBLY",2,18V284000,19V614000,"18V284000; 19V614000"
VOLKSWAGEN,ATLAS,"AIR BAGS:SIDE/WINDOW",2,19V218000,22V152000,"19V218000; 22V152000"
VOLKSWAGEN,ATLAS,"EXTERIOR LIGHTING:HEADLIGHTS",2,19V389000,20V504000,"19V389000; 20V504000"
VOLKSWAGEN,ATLAS,"UNKNOWN OR OTHER",2,20V561000,21V321000,"20V561000; 21V321000"
VOLKSWAGEN,ATLAS,TIRES:SIDEWALL,2,20V702000,21V142000,"20V702000; 21V142000"
VOLKSWAGEN,ATLAS,"BACK OVER PREVENTION: SENSING SYSTEM: CAMERA",2,20V716000,25V334000,"20V716000; 25V334000"
VOLKSWAGEN,ATLAS,STEERING,2,20V712000,21V026000,"20V712000; 21V026000"
VOLKSWAGEN,ATLAS,WHEELS:LUGS/NUTS/BOLTS/STUDS,2,21V132000,21V812000,"21V132000; 21V812000"
VOLKSWAGEN,ATLAS,"ENGINE AND ENGINE COOLING:ENGINE:HARD PARTS INTERNAL/MECHANICAL",2,22V753000,23V593000,"22V753000; 23V593000"
VOLKSWAGEN,ATLAS,"AIR BAGS:SENSOR:OCCUPANT CLASSIFICATION:FRONT PASSENGER",2,23V215000,24V464000,"23V215000; 24V464000"
VOLKSWAGEN,ATLAS,"BACK OVER PREVENTION:SOFTWARE",2,24V480000,26V473000,"24V480000; 26V473000"
VOLKSWAGEN,BEETLE,"AIR BAGS:FRONTAL:DRIVER SIDE:INFLATOR MODULE",2,22V945000,24V834000,"22V945000; 24V834000"
VOLKSWAGEN,CC,"UNKNOWN OR OTHER",2,18V329000,21V321000,"18V329000; 21V321000"
VOLKSWAGEN,E-GOLF,"UNKNOWN OR OTHER",2,18V329000,21V321000,"18V329000; 21V321000"
VOLKSWAGEN,GOLF,"FUEL SYSTEM, GASOLINE",2,16V647000,24V110000,"16V647000; 24V110000"
VOLKSWAGEN,GOLF,"ELECTRICAL SYSTEM:IGNITION:ANTI-THEFT:CONTROL MODULE",2,18V464000,19V615000,"18V464000; 19V615000"
VOLKSWAGEN,GOLF,"UNKNOWN OR OTHER",2,18V329000,21V321000,"18V329000; 21V321000"
VOLKSWAGEN,JETTA,"ENGINE AND ENGINE COOLING:ENGINE",2,15V705000,17V070000,"15V705000; 17V070000"
VOLKSWAGEN,JETTA,"FUEL SYSTEM, GASOLINE:FUEL INJECTION SYSTEM:FUEL RAIL",2,16V403000,20V648000,"16V403000; 20V648000"
VOLKSWAGEN,JETTA,"SUSPENSION:REAR:SPRINGS:COIL SPRINGS",2,18V904000,19V188000,"18V904000; 19V188000"
VOLKSWAGEN,PASSAT,"SERVICE BRAKES, HYDRAULIC:FOUNDATION COMPONENTS:DISC:CALIPER",2,18V369000,18V536000,"18V369000; 18V536000"
VOLKSWAGEN,TIGUAN,"BACK OVER PREVENTION:SOFTWARE",2,25V082000,26V321000,"25V082000; 26V321000"
VOLVO,EC40,"BACK OVER PREVENTION:SOFTWARE",2,25V282000,25V908000,"25V282000; 25V908000"
VOLVO,EX30,"ELECTRICAL SYSTEM:PROPULSION SYSTEM:TRACTION BATTERY",2,26V001000,26V103000,"26V001000; 26V103000"
VOLVO,S60,"ELECTRICAL SYSTEM:WIRING:FUSES AND CIRCUIT BREAKERS",2,15V555000,21V414000,"15V555000; 21V414000"
VOLVO,S60,"AIR BAGS",2,16V918000,17V127000,"16V918000; 17V127000"
VOLVO,S60,"BACK OVER PREVENTION:SOFTWARE",2,25V282000,25V908000,"25V282000; 25V908000"
VOLVO,S90,"BACK OVER PREVENTION:SOFTWARE",2,25V282000,25V908000,"25V282000; 25V908000"
VOLVO,V60,"ELECTRICAL SYSTEM:WIRING:FUSES AND CIRCUIT BREAKERS",2,15V555000,21V414000,"15V555000; 21V414000"
VOLVO,V60,"AIR BAGS",2,16V918000,17V127000,"16V918000; 17V127000"
VOLVO,V60,"BACK OVER PREVENTION:SOFTWARE",2,25V282000,25V908000,"25V282000; 25V908000"
VOLVO,V60CC,"BACK OVER PREVENTION:SOFTWARE",2,25V282000,25V908000,"25V282000; 25V908000"
VOLVO,V90,"BACK OVER PREVENTION:SOFTWARE",2,25V282000,25V908000,"25V282000; 25V908000"
VOLVO,V90CC,"BACK OVER PREVENTION:SOFTWARE",2,25V282000,25V908000,"25V282000; 25V908000"
VOLVO,XC40,"ELECTRICAL SYSTEM:SOFTWARE",2,18V800000,24V010000,"18V800000; 24V010000"
VOLVO,XC40,"BACK OVER PREVENTION:SOFTWARE",2,25V282000,25V908000,"25V282000; 25V908000"
VOLVO,XC60,"ELECTRICAL SYSTEM:WIRING:FUSES AND CIRCUIT BREAKERS",2,15V555000,21V414000,"15V555000; 21V414000"
VOLVO,XC60,"AIR BAGS",2,16V918000,17V127000,"16V918000; 17V127000"
VOLVO,XC60,"BACK OVER PREVENTION:SOFTWARE",2,25V282000,25V908000,"25V282000; 25V908000"
VOLVO,XC90,"ELECTRICAL SYSTEM:SOFTWARE",2,18V800000,21V273000,"18V800000; 21V273000"
VOLVO,XC90,"BACK OVER PREVENTION:SOFTWARE",2,25V282000,25V908000,"25V282000; 25V908000"
