maker_code,us_year,year_gap,needs_review,review_reason,us_campaign,nl_reference,reported_by,nl_announced,nl_reported,nl_owners,nl_published,nl_defect,nl_conseq,us_conseq,us_remedy,us_reported
18S07,2018,0,false,,18V169,MGP180340,"Ford Nederland B.V.",2018-07-05,2018-07-17,2018-09-24,2018-07-19,"In de koppelingsdrukplaat kunnen barsten ontstaan.","De koppeling kan slippen. Hierdoor is de rijsnelheid gereduceerd, zijn de voertuigprestaties beperkt en verspreidt de koppeling een geur. In extreme gevallen komen fragmenten van de koppeling/transmissie los en raken deze de componenten onder de motorkap.","A transmission fluid leak in the presence of an ignition source such as hot engine or exhaust components can increase the risk of a fire.","Ford will notify owners, and dealers will update the Focus vehicles with software that detects and prevents prolonged clutch slip, and will replace the clutch, as necessary, free of charge. Owners of Fusion vehicles will have their clutch assembly replaced free of charge. The recall began August 3, 2018. Owners may contact Ford customer service at 1-866-436-7332. Ford's number for this recall is 18S07.",2018-12-03
18S29,2018,0,false,,18V707,MGP180515,"Ford Nederland B.V.",2018-10-18,2018-10-23,2018-11-01,2018-10-31,"Door een softwarefout kan er hydraulische vloeistof, van het kleppenblok dat de achtervleugel regelt, op de uitlaat lekken.","Brand in de motorruimte.","A hydraulic fluid leak in the presence of an ignition source can increase the risk of a fire.","Ford will notify owners, and dealers will perform a software update to the fully integrated vehicle controller. Some vehicles will have a rear wing hydraulic check valve installed and will have the o-rings and the filter replaced, if needed. The repairs will be performed free of charge. The recall began November 30, 2018. Owners may contact Ford customer service at 1-866-436-7332. Ford's number for this recall is 18S29.",2018-09-10
R89978,2026,7,true,"years too far apart",26V072,MGP190546,"Volvo Cars Nederland B.V.",2019-11-29,,2020-01-22,2019-12-30,"Een kunststof onderdeel van de deurvergrendeling kan breken als gevolg van hoge omgevingstemperaturen, temperatuurwisselingen en de statische veerbelasting in het slot.","De deur kan tijdens het rijden onbedoeld open gaan als een kunststof onderdeel van deurvergrendeling is gebroken.","A door that is not securely latched can open unexpectedly, increasing the risk of injury.","Dealers will replace all four door latches, free of charge. Owner notification letters were mailed March 11, 2026. Owners may contact Volvo Car’s customer service at 1-800-458-1552. Volvo Car's number for this recall is R89978. Vehicle Identification Numbers (VINs) involved in this recall became searchable on NHTSA.gov on January 19, 2026. This recall expands previous NHTSA recall number 19V849.",2026-06-02
21S32,2021,1,false,,21V537,MGP220161,"Ford Nederland B.V.",2022-02-25,2022-12-14,2022-12-13,2022-04-15,"De kogelbout van de reactiestang kan vastlopen als gevolg van strooizout.","Hierdoor kan het buitenste deel van de reactiestang van de achterwielophanging barsten, waardoor het voertuig moeilijk te besturen is.","A rear toe-link fracture can result in a loss of steering control, increasing the risk of a crash.","Dealers will inspect and replace as necessary, the cross-axis ball joint (CABJ) knuckle, and replace the rear suspension toe links, free of charge. This recall is an expansion of previous NHTSA recall numbers 16V-245, 19V-435, and 20V-675. Certain vehicles previously repaired will need to return for the new remedy. An interim notification letter notifying owners of the safety risk were mailed on September 10, 2021. Owner notification letters were mailed on March 16, 2022. Owners may contact Ford's customer service at 1-866-436-7332. Ford's number for this recall is 21S32.",
23S27,2023,0,false,,23V380,MGP230240,"Ford Nederland B.V.",2023-05-31,2023-06-22,2023-07-05,2023-06-22,"Door een motorstoring kan een scheur in het cilinderblok ontstaan.","Hierdoor is het mogelijk dat olie ontsnapt, waardoor in combinatie met de hitte in de motorruimte, brand onder de motorkap kan ontstaan.","An engine compartment fire increases the risk of injury.","Owners are advised to park and shut off the engine as quickly as possible if they hear unexpected engine noises, notice a reduction in vehicle power, or see smoke. Dealers will replace the engine long-block in 2023 Escape and Corsair vehicles. For the other vehicles, dealers will update the powertrain control module software. If a connecting rod bearing failure is detected, dealers will replace the engine long-block. All inspections and repairs will be performed free of charge. Owner notification letters were mailed on June 14, 2024. Owners may contact Ford customer service at 1-866-436-7332. Ford's number for this recall is 23S27. This recall expands and replaces recall number 22V-484. Vehicles previously repaired under 22V-484 will need to have the new remedy completed.",
23S53,2023,0,false,,23V626,MGP230381,"Ford Nederland B.V.",2023-10-10,2023-10-10,2023-11-20,2023-10-12,"De hoogspanningsaccu kan een productiefout bevatten waardoor in de cel met lage capaciteit een inwendige kortsluiting kan ontstaan.","Het motorstoringlampje gaat branden in geval van interne kortsluiting. Mogelijk verlies van aandrijfkracht waardoor het risico op een aanrijding toeneemt. Er kan thermische ontluchting van de accu plaatsvinden, wat kan leiden tot een voertuigbrand.","Battery failure can cause a loss of drive power, increasing the risk of a crash. Battery failure can also increase the risk of a fire.","Dealers will perform a Battery Energy Control Module (BECM) diagnostic test and replace the high voltage battery pack, as necessary, free of charge. Owner notification letters were mailed on April 8, 2024. Owners may contact Ford customer service at 1-866-436-7332. Ford Motor Company's number for this recall is 23S53.",2023-08-09
23S56,2025,2,false,,25V441,MGP230419,"Ford Nederland B.V.",2023-10-20,2023-11-08,2023-11-20,2023-11-08,"In het hoofdrelais van de hoogspanningsaccu kan overgangsweerstand ontstaan. Als gevolg kan deze overhit raken, vast gaan zitten, niet meer schakelen of niet meer sluiten.","Het voertuig kan bij een volgende keer gebruik niet meer gaan rijden, of, de aandrijving van het voertuig valt tijdens het rijden onverwacht uit.","An overheated high voltage battery contactor can result in a loss of drive power, increasing the risk of a crash.","Dealers will replace the high voltage battery junction box, free of charge. Owner notification letters were mailed July 10, 2025. Owners may contact Ford Customer Service at 1-866-436-7332. Ford's number for this recall is 23S56. This recall is an expansion of previous NHTSA recall number 23V687.",
23C35,2023,0,false,,23V727,MGP230470,"Ford Nederland B.V.",2023-12-11,2023-12-11,2023-12-13,2023-12-11,"De controlelamp van het remsysteem gaat niet branden wanneer het remvloeistofpeil onder het minimum peil in het remvloeistofreservoir komt.","Verliezen van remcapaciteit, niet kunnen remmen.","Without a low brake fluid warning light, the vehicle may be driven with low brake fluid, reducing braking performance and increasing the risk of a crash.","Dealers will update the body control module software, free of charge. Owner notification letters were mailed December 21, 2023. Owners may contact Ford customer service at 1-866-436-7332. Ford's number for this recall is 23C35.",
23S48,2025,2,false,,25V273,MGP240003,"Ford Nederland B.V.",2023-12-11,2024-01-04,2023-12-11,2024-01-05,"De digitale achteruitrijcamera kan geen beeld of sporadisch een blauw of zwart beeld weergeven tijdens het rijden met lage snelheden.","De bestuurder heeft minder zicht tijdens het achteruitrijden dan verwacht.","Loss of the rearview camera image can reduce the driver's view of what is behind the vehicle, increasing the risk of a crash.","Dealers will replace the rearview camera, free of charge. Owner notification letters were mailed October 8, 2025. Owners may contact Ford Customer Service at 1-866-436-7332. Ford's number for this recall is 23S48. This recall expands previous recall number 23V-598.",
24S33,2025,1,false,,25V881,MGP240197,"Ford Nederland B.V.",2024-07-03,2024-07-03,2024-07-03,2024-07-03,"Er zit een fout in een doorgevoerde softwareupdate.","De aandrijving van het rijdende voertuig kan overschakelen op parkeer-/kruipsnelheid. Als gevolg zal het voertuig onverwacht vertragen.","A loss of drive power increases the risk of a crash.","Dealers will update the HPCM software, free of charge. Owner notification letters were mailed February 12, 2026. Owners may contact Ford customer service at 1-866-436-7332. Ford's number for this recall is 24S33. Vehicle Identification Numbers (VINs) involved in this recall will be searchable on NHTSA.gov beginning January 15, 2026. This is an expansion of Recalls 24V330 (24S33) and 25V133 (25S16).",
CR285,2025,0,false,,25V013,MGP250024,"Ducati North Europe",2025-01-21,2025-07-29,2025-02-05,2025-07-31,"De remslang achter, tussen de ABS-regeleenheid en de achterremklauw kan hitteschade oplopen.","Dit kan leiden tot een plotseling verlies van remkracht in de achterwielrem. Dit vergroot de kans op een ongeval.","A sudden loss of the rear brakes increases the risk of a crash or injury.","Dealers will reinstall the thermal shield, free of charge. Owner notification letters were mailed February 17, 2025. Owners may contact Ducati customer service at 1-888-391-5446. Ducati's number for this recall is CR285.",
SB2500001,2025,0,false,,25V002,MGP250053,"Tesla Motors Netherlands BV",2025-02-11,2025-03-25,2025-03-07,2025-04-10,"Bij het inschakelen van het voertuig kan kortsluiting op de boordcomputer van de auto ontstaan, waardoor de functionaliteit van de achteruitrijcamera verloren gaat.","Als het display van de achteruitrijcamera niet werkt, kan dat het zicht naar achteren van de bestuurder beïnvloeden en het risico op een botsing bij achteruitrijden vergroten.","A rearview camera that does not display an image reduces the driver's rear view, increasing the risk of a crash.","Tesla released an over-the-air (OTA) software update, free of charge. Tesla will also identify any vehicles that experienced a circuit board failure, or stress that may lead to a circuit board failure, and replace the affected computers, free of charge. Owner notification letters were mailed March 7, 2025. Owners may contact Tesla customer service at 1-877-798-3752. Tesla's number for this recall is SB-25-00-001.",2025-07-01
SB2500004,2025,0,false,,25V092,MGP250054,"Tesla Motors Netherlands BV",2025-02-11,2025-03-25,2025-03-25,2025-04-10,"Bij bepaalde voertuigen met elektronische stuurbekrachtiging kan een overspanningsstoring de componenten van de motoraandrijving op de printplaat overbelasten.","De stuurbekrachtiging kan uitvallen.","A loss of power steering assist can require greater steering effort, especially at low speeds, increasing the risk of a crash.","Tesla has released an over-the-air (OTA) software update, free of charge. Owner notification letters were mailed March 25, 2025. Owners may contact Tesla customer service at 1-877-798-3752. Tesla's number for this recall is SB-25-00-004.",
25S01,2025,0,false,,25V025,MGP250059,"Ford Nederland B.V.",2025-01-27,2025-08-26,2025-03-24,2025-02-20,"De schokdempers achter kunnen losraken door corrosie van een las.","Dit kan leiden tot vloeistoflekkages bij de achterwielen, delen van de schokdemper kunnen in het verkeer terechtkomen en een potentieel gevaar vormen voor andere weggebruikers en het heeft een negatieve invloed op het weggedrag.","An external reservoir that detaches from a vehicle can create a road hazard, increasing the risk of a crash.","Dealers will replace the rear shock absorbers, as necessary free of charge. Owner notification letters were mailed August 15, 2025. Owners may contact Ford customer service at 1-866-436-7332. Ford's number for this recall is 25S01.",
ASA0,2025,,true,"code too short to be certain",25V078,MGP250076,"Pon's Automobielhandel B.V. (Luxury Cars)",,2025-02-27,2025-02-27,2025-02-28,"De gordelsluitingen links en rechts achter zijn mogelijk niet juist gemonteerd.","De schroefverbinding van de gordelsluitingen kan in het geval van een noodstop of een ongeval loskomen, wat het risico op letsel verhoogt.","A loose seat belt buckle may not properly restrain an occupant during a crash, increasing the risk of injury.","Dealers will inspect and tighten the rear seat belt buckle bolt, and reposition the aluminum butyl soundproofing mat as necessary, free of charge. Owner notification letters were mailed April 1, 2025. Owners may contact Porsche customer service at 1-800-767-7243. Porsche's number for this recall is ASA0.",2025-12-02
R10298,2025,0,false,,25V071,MGP250078,"Volvo Cars Nederland B.V.",2025-02-27,2025-03-03,2025-03-24,2025-03-06,"De koplampen kunnen tijdens het rijden mogelijk opnieuw opstarten en uitvallen.","Als de koplampen uitvallen tijdens het rijden, vermindert het zicht, wat het risico op een ongeval vergroot.","A loss of headlight function while driving can reduce visibility and increase the risk of a crash.","The LPC software will be updated manually, free of charge. Owner notification letters were mailed March 12, 2025. Owners may contact Volvo's customer service at 1-800-458-1552. Volvo's number for this recall is R10298.",2025-07-02
25S09,2025,0,false,,25V093,MGP250089,"Ford Nederland B.V.",2025-03-06,2025-10-08,2025-10-28,2025-10-10,"De veiligheidsgordels zijn mogelijk niet goed bevestigd.","Verkeerd bevestigde veiligheidsgordels kunnen een inzittende tijdens een botsing wellicht niet goed tegenhouden, waardoor het risico op verwondingen toeneemt.","A loose seat belt or seat belt buckle may not properly restrain an occupant during a crash, increasing the risk of injury.","Dealers will inspect seat belt buckle anchor bolts in all seating positions. Additionally, dealers will inspect the seat belt retractor anchor bolt and seat belt anchor bolt at the second-row center seating position, if equipped. If loose anchor bolts are found, the affected seat components will be replaced. Repairs will be performed free of charge. Owner notification letters were mailed on June 5, 2025. Owners may contact Ford customer service at 866-436-7332. Ford's number for this recall is 25S09.",
25S11,2025,0,false,,25V096,MGP250090,"Ford Nederland B.V.",2025-02-11,2025-04-23,2025-04-30,2025-04-29,"De secundaire digitale koppelsensor in het stuurhuis is mogelijk verkeerd gekalibreerd omdat de juiste software-update volgens terugroepactie 24S44 wellicht niet in deze voertuigen is geïnstalleerd.","Het stuurwiel kan zonder waarschuwing beginnen te trillen (afwisselend rechtsom/linksom) wanneer de bestuurder probeert te sturen, waardoor het risico op een ongeval toeneemt.","A steering wheel that turns unintentionally can cause a loss of vehicle control and increase the risk of a crash.","Dealers will update the power steering control module (PSCM) software, free of charge. Owner notification letters were mailed March 25, 2025. Owners may contact Ford customer service at 866-436-7332. Ford's number for this recall is 25S11.",
202501,2025,0,false,,25V051,MGP250096,"Niesmann + Bischoff GmbH",2025-03-05,2025-06-03,2025-02-05,2025-06-06,"Door een defecte vulstop kan de gastank van de kampeerwagen bij het vullen te vol raken.","Hierdoor kan, bij het ontsteken van het gasfornuis, een vlamexplosie of een gasexplosie in het verwarmingssysteem ontstaan.","Referencing an incorrect label may lead to unintentionally overloading the vehicle, increasing the risk of a crash.","Dealers will replace the labels, free of charge. Owner notification letters were mailed February 18, 2025. Owners may contact Roadtrek customer service at 1-888-762-3873. Roadtrek's number for this recall is 2025-01.",
SB2520001,2025,0,false,,25V172,MGP250103,"Tesla Motors Netherlands BV",2025-03-21,2025-03-26,2025-04-09,2025-04-10,"Er is mogelijk een airbag met een niet-mechanische claxon in een mechanisch stuurwiel geïnstalleerd, of een airbag met een mechanische claxon in een niet-mechanisch stuurwiel.","Indien de verkeerde airbag is gemonteerd werkt de claxon niet meer. De werking van de airbag blijft onaangetast.","An inoperative horn may prevent the driver from alerting other drivers, increasing the risk of a crash.","Tesla service will inspect and install an air bag with the correct horn pad as necessary, free of charge. Owner notification letters were mailed May 20, 2025. Owners may contact Tesla customer service at 1-877-798-3752. Tesla's number for this recall is SB-25-20-001.",
MC2506,2025,0,false,,25V363,MGP250129,"Yamaha Motor Nederland B.V.",2025-04-08,2025-04-15,2025-04-24,2025-04-18,"Er is mogelijk een verkeerd gevormde voetsteun gemonteerd met een scherpe rand.","Hier kunnen personen zich mogelijk aan verwonden.","An engine stall increases the risk of a crash or injury.","KMC will replace the battery harness and secure the ground connection, free of charge. Owner notification letters were mailed on June 12, 2025. KMC's number for this recall is MC25-06.",
N989,2025,0,true,"code too short to be certain",25V155,MGP250132,"Jaguar Land Rover Nederland B.V.",2025-04-03,2025-04-22,,2025-04-24,"De gespkabel van de middelste veiligheidsgordel op de tweede zitrij is mogelijk verkeerd uitgelijnd.","Hierdoor kan de veiligheidsgordel mogelijk niet goed vastklikken, waardoor de kans op letsel bij een ongeluk groter wordt.","An unlatched seat belt will not properly restrain an occupant, increasing the risk of injury.","Dealers will replace the center seat belt buckle and buckle retaining bolt, free of charge. Owner notification letters were April 22, 2025. Owners may contact Jaguar's customer service at 1-800-452-4827. Jaguar's number for this recall is N989.",2025-12-03
25S14,2025,0,false,,25V130,MGP250150,"Ford Nederland B.V.",2025-04-30,2025-05-01,2025-05-12,2025-05-02,"Het hoofdrelais van de hoogspanningsaccu kan overhit raken, vast gaan zitten, niet meer schakelen of niet meer sluiten omdat de juiste software-update volgens terugroepactie 22S41 of 23S56 wellicht niet in deze voertuigen is geïnstalleerd.","Het voertuig kan bij een volgende keer gebruik niet meer gaan rijden, of, de aandrijving van het voertuig valt tijdens het rijden onverwacht uit.","An overheated high voltage battery contactor may cause the vehicle to lose drive power, increasing the risk of a crash.","Dealers will update the on-board software, free of charge. Owner notification letters were mailed April 11, 2025. Owners may contact Ford customer service at 1-866-436-7332. Ford's number for this recall is 25S14.",
25S16,2025,0,false,,25V133,MGP250152,"Ford Nederland B.V.",2025-04-30,2025-05-01,2025-05-12,2025-05-05,"De hybride motorregelmodule (HPCM) bevat mogelijk verkeerde software door een fout bij een eerdere terugroepactie.","Hierdoor kan de auto tijdens het rijden gedwongen naar neutraal schakelen en bij stilstand naar de “Parkeerstand”, waarna de auto langzaam rijdt met weinig kracht (max. 50 km/u).","A loss of drive power increases the risk of a crash.","Dealers will update the HPCM software, free of charge. Owner notification letters were mailed April 11, 2025. Owners may contact Ford customer service at 1-866-436-7332. Ford's number for this recall is 25S16.",
25S21,2025,0,false,,25V165,MGP250153,"Ford Nederland B.V.",2025-05-01,2025-05-01,2025-05-12,2025-05-06,"Het inspuitventiel kan barsten en brandstof op de motor lekken doordat de software bij een eerdere terugroepactie mogelijk niet correct is geïnstalleerd.","Ophoping van vloeibare brandstof en/of brandstofdampen bij een heet oppervlak kan leiden tot ontbranding en brand onder de motorkap.","A fuel leak in the presence of an ignition source such as hot engine or exhaust components, can increase the risk of a fire.","Dealers will update the powertrain control module (PCM) software, free of charge. Owner notification letters were mailed April 22, 2025. Owners may contact Ford customer service at 1-866-436-7332. Ford's number for this recall is 25S21.",
25S22,2025,0,false,,25V166,MGP250154,"Ford Nederland B.V.",2025-05-06,2025-05-09,2025-05-21,2025-05-15,"De PCM (parkeerremmodule) heeft mogelijk niet de juiste software.","Hierdoor kan een bevestigingsbout van de achteras breken tijdens het accelereren, wat leidt tot verlies van aandrijfvermogen. Het voertuig kan dan ook gaan rollen in de parkeerstand.","A disconnected driveshaft can result in vehicle rollaway when the vehicle is placed in park without the parking brake applied. A disconnected driveshaft can also result in a loss of drive power. Either of these scenarios can increase the risk of a crash.","Dealers will update the powertrain control module (PCM) software, free of charge. Owner notification letters were mailed April 25, 2025. Owners may contact Ford customer service at 1-866-436-7332. Ford's number for this recall is 25S22.",
25S27,2025,0,false,,25V159,MGP250156,"Ford Nederland B.V.",2025-05-06,2025-05-08,2025-05-21,2025-05-12,"De digitale achteruitrijcamera toont bij het achteruitrijden soms geen beeld, of alleen een blauw of zwart scherm.","De bestuurder heeft minder zicht tijdens het achteruitrijden dan verwacht.","Loss of the rearview camera image can reduce the driver's rear visibility, increasing the risk of a crash.","Dealers will update the Image Processing Module software, free of charge. Owner notification letters were mailed April 25, 2025. Owners may contact Ford customer service at 1-866-436-7332. Ford's number for this recall is 25S27.",
RA182044,2025,0,false,,25V300,MGP250157,"Aston Martin Lagonda Ltd",2025-05-07,2025-05-08,2025-05-07,2025-05-09,"Het sluitpaneel van de achterste zekeringkast is met verkeerde schroeven bevestigd en kunnen mogelijk de interne kabelboom raken en beschadigen.","Deze beschadiging kan ervoor zorgen dat de motor uitvalt of dat de verlichting of stuurbekrachtiging niet meer werkt. Daarnaast kan er hitte ontstaan bij de zekeringkast, waardoor rook of brandlucht vrijkomt, met het risico op brand","A damaged wiring harness can lose electrical power and result in the engine stalling or loss of headlights, power assisted steering, and other critical vehicle functions, increasing the risk of a crash.","Dealers will replace the fuse box closing panel screws and, if necessary, replace any damaged components, free of charge. Owner notification letters were mailed July 29, 2025. Owners may contact Aston Martin customer service at 1-888-923-9988. Aston Martin's number for this recall is RA-18-2044.",2025-08-05
15ZK,2025,0,true,"code too short to be certain",25V294,MGP250162,"Pon's Automobielhandel B.V.",2025-05-19,2025-05-20,2025-05-22,2025-05-23,"De bouten van het kleppendeksel kunnen mogelijk losraken.","Hierdoor kan olie op hete motordelen terechtkomen. Dit kan leiden tot rookontwikkeling of brandgevaar. Bij rook uit de motorruimte moet het voertuig direct veilig worden stilgezet.","The screws can loosen, allowing oil to leak and increasing the risk of a fire.","Dealers will inspect and replace the screws as necessary, free of charge. Owner notification letters were mailed June 5, 2025. Owners may contact Audi customer service at 1-800-253-2834. Audi's number for this recall is 15ZK.",2025-07-05
N252494000,2025,0,false,,25V274,MGP250182,"Klintberg and Way Parts AB",2025-04-24,2026-07-24,2026-05-31,2026-07-30,"De drijfstang en/of krukas van de motor kunnen fabricagefouten bevatten die kunnen leiden tot motorschade of motoruitval.","Wanneer de motor tijdens het rijden uitvalt, verliest het voertuig de aandrijving, waardoor het risico op een ongeval toeneemt.","Engine failure increases the risk of a crash.","Dealers will inspect the engine, and as necessary, repair or replace the engine. For vehicles that pass inspection, dealers will add higher viscosity oil, install 6 oil fill cap, replace the oil filter, and update the owner's manual. Repairs will be performed free of charge. Owner notification letters were mailed June 18, 2025. Owners may contact Cadillac customer service at 1-800-333-4223, Chevrolet customer service at 1-800-222-1020, or GMC customer service at 1-800-462-8782. GM's number for this recall is N252494000.",
25S38,2025,0,false,,25V242,MGP250185,"Ford Nederland B.V.",2025-05-19,2025-06-23,2025-05-21,2025-06-27,"De digitale achteruitrijcamera kan geen beeld of sporadisch een blauw of zwart beeld weergeven tijdens het rijden met lage snelheden.","De bestuurder heeft minder zicht tijdens het achteruitrijden dan verwacht.","Loss of the rearview camera image can reduce the driver's rear visibility, increasing the risk of a crash.","Dealers will update the rearview camera software, free of charge. Owner notification letters were mailed May 23, 2025. Ford's number for this recall is 25S38.",2025-11-04
0188,2025,0,true,"code too short to be certain",25V375,MGP250201,"Harley-Davidson Benelux BV",2025-06-12,2025-06-27,2025-07-01,2025-07-04,"De montagebeugel van de verstelknop van de achterschokdemper kan bij normaal gebruik breken, waardoor de verstelknop mogelijk in contact kan komen met de achterband.","Dit brengt een risico op een crash met zich mee als het contact tussen de achterschokdemper en de band onopgemerkt blijft en kan een plotseling verlies van bandenspanning veroorzaken.","A sudden loss of tire pressure increases the risk of a crash.","Dealers will install a new bracket, free of charge. Owner notification letters are expected to be mailed June 16, 2025. Owners may contact Harley-Davidson customer service at 1-800-258-2464. Harley-Davidson's number for this recall is 0188. Some of the vehicles included in this recall were previously repaired under recall 23V591, and will need to have the new remedy completed.",2025-06-06
RP1061,2025,0,false,,25V409,MGP250206,"Volvo Cars Nederland B.V.",2025-06-17,2025-06-17,2025-06-13,2025-06-23,"Door een softwarefout kan de remfunctie tijdelijk uitvallen tijdens het rijden met de One Pedal Drive functie geactiveerd, voornamelijk na bergafwaarts rijden.","Dit kan leiden tot verlies van remvermogen en verhoogt het risico op een ongeval.","A loss of brake function increases the risk of a crash.","Owners are advised not to use ""One Pedal Drive"" until the repair has been completed. Polestar has released an over-the-air (OTA) software update, free of charge. Owner notification letters were mailed July 18, 2025. Owners may contact Polestar's customer service at 1-800-806-2504. Polestar's number for this recall is RP1061.",2025-02-07
40LF,2025,0,true,"code too short to be certain",25V428,MGP250214,"Pon's Automobielhandel B.V.",2025-06-23,2025-07-18,2025-07-02,2025-07-21,"De borgringen van de luchtveerpoten zijn mogelijk niet goed gemonteerd en kunnen losraken.","Hierdoor kan tijdens het rijden plotseling lucht ontsnappen, wat het rijgedrag negatief beïnvloedt en het risico op een ongeval vergroot.","An air suspension strut failure may cause a loss of vehicle handling and control, increasing the risk of a crash.","Dealers will inspect and replace the air suspension struts as necessary, free of charge. Owner notification letters were mailed July 16, 2025. Owners may contact Audi customer service at 1-800-253-2834. Volkswagen's number for this recall is 40LF.",
RP1063,2025,0,false,,25V453,MGP250233,"Volvo Cars Nederland B.V.",2025-07-02,2025-07-04,2025-07-03,2025-07-04,"In de stekker die de bumperkabelboom met de motorruimtekabelboom verbind kan vloeistof binnendringen wat kan leiden tot corrosie van de connectorpennen.","Verschillende electronische storingen waaronder verlies van de stuurbekrachtiging.","Damage to harnesses can cause various electrical malfunctions, such as a loss of power steering assist, increasing the risk of a crash or injury.","Polestar will replace the bumper harness and the inline front bumper/engine bay connector on the engine bay harness, free of charge. Owner notification letters were mailed July 31, 2025. Owners may contact Polestar's customer service at 1-800-806-2504. Polestar's number for this recall is RP1063.",2025-07-07
25S51,2025,0,false,,25V439,MGP250244,"Ford Nederland B.V.",2025-05-16,2025-07-28,2025-07-30,2025-07-29,"De passagiersairbag moet worden vervangen vanwege een productiefout.","Bij een botsing waarbij de airbag wordt geactiveerd, kan de slang van de gasgenerator echter scheuren. Deze breuk kan leiden tot metaalsplinters, schade aan het kussen van de airbag, volledig verlies van de werking van de airbag en een verhoogd risico op al dan niet dodelijke verwondingen.","An air bag that deploys with excessive force can increase the risk of injury during a crash.","Dealers will replace the passenger side air bags, free of charge. Owner notification letters were mailed August 8, 2025. Owners may contact Ford Customer Service at 1-866-436-7332. Ford's number for this recall is 25S51.",
ASA6,2025,0,true,"code too short to be certain",25V415,MGP250245,"Pon's Automobielhandel B.V. (Luxury Cars)",2025-07-11,2025-07-11,2025-07-21,2025-07-14,"De borgringen van de luchtveerpoten zijn mogelijk niet goed gemonteerd en kunnen losraken.","Hierdoor kan tijdens het rijden plotseling lucht ontsnappen, wat het rijgedrag negatief beïnvloedt en het risico op een ongeval vergroot.","An air suspension strut failure may cause a loss of vehicle handling and control, increasing the risk of a crash.","Dealers will inspect the retaining ring and reinstall it as necessary, free of charge. Owner notification letters were mailed August 15, 2025. Owners may contact Porsche's customer service at 1-800-767-7243. Porsche's number for this recall is ASA6.",
25S54,2025,0,false,,25V345,MGP250246,"Ford Nederland B.V.",2025-07-07,2025-07-11,2025-07-22,2025-07-14,"De software van een eerdere terugroepactie met kenmerk 23S27 is mogelijk niet goed geïnstalleerd waardoor er nog steeds een scheur in het cilinderblok kan ontstaan.","Hierdoor is het mogelijk dat olie ontsnapt, waardoor in combinatie met de hitte in de motorruimte, brand onder de motorkap kan ontstaan.","An engine compartment fire increases the risk of injury.","Owners are advised to park and shut off the engine as quickly as possible if they hear unexpected engine noises, notice a reduction in vehicle power, or see smoke. Dealers will update the powertrain control module software, free of charge. Owner notification letters were mailed June 27, 2025. Owners may contact Ford customer service at 1-866-436-7332. Ford's number for this recall is 25S54.",
ASA7,2025,0,true,"code too short to be certain",25V492,MGP250271,"Pon's Automobielhandel B.V. (Luxury Cars)",2025-07-30,2025-08-15,2025-08-13,2025-08-21,"De airbags in de voorstoelen zijn mogelijk niet met de juiste specificaties vastgeschroefd in de rugleuning.","Hierdoor kan de airbag bij een ongeval mogelijk niet goed ontplooiien, wat het risico op letsel van inzittenden kan verhogen.","An improper air bag deployment can increase the risk of injury during a crash. In addition, an improperly secured air bag may project loose components into the vehicle, increasing the risk of injury.","Dealers will inspect and repair the backrest frame screws as necessary, free of charge. Owner notification letters are expected to be mailed on September 26, 2025. Owners may contact Porsche customer service at 1-800-767-7243. Porsche's number for this recall is ASA7.",
25S49,2025,0,false,,25V315,MGP250276,"Ford Nederland B.V.",2025-07-31,2025-08-29,2025-09-28,2025-09-04,"De achteruitrijcamera kan door een softwarefout mogelijk uitvallen.","Als de camera tijdens het achteruitrijden uitvalt kan dit het risico op een ongeval vergroten.","A frozen or missing rearview camera image can reduce the driver's view behind the vehicle, increasing the risk of a crash.","The accessory protocol interface module (APIM) software will be updated by a dealer or through an over-the-air update, free of charge. This will be a phased campaign, with the remedy becoming available in different phases based on model and model years. Interim letters notifying owners of the safety risk were mailed on June 26, 2025. Additional letters will be mailed once the final remedy is available on each phase. Owner notification letters were sent on October 8, 2025. Owners may contact Ford customer service at 1-866-436-7332. Ford's number for this recall is 25S49.",2025-09-05
25S61,2025,0,false,,25V372,MGP250277,"Ford Nederland B.V.",2025-06-09,2025-09-23,2025-08-29,2025-09-26,"Uit de kogelplug van de cilinderkop kan motorolie lekken, waardoor olieverlies optreedt","Dit kan leiden tot motorgeluiden, olielekkage en verlies van aandrijfvermogen optreden. Lekkende olie kan in contact komen met de hete katalysator, wat het risico op verwondingen en brand vergroot.","An oil leak can result in loss of drive power, increasing the risk of a crash. In addition, an oil leak in the presence of an ignition source such as hot engine or exhaust components, can increase the risk of a fire.","Dealers will replace the cylinder head assembly as necessary, free of charge. Owner notification letters were mailed August 8, 2025. Owners may contact Ford customer service at 1-866-436-7332. Ford's number for this recall is 25S61.",2025-03-06
25S58,2025,0,false,,25V349,MGP250285,"Ford Nederland B.V.",2025-07-28,2025-08-07,2025-08-05,2025-08-08,"De hoogspanningsaccu kan een productiefout bevatten waardoor in de cel met lage capaciteit een inwendige kortsluiting kan ontstaan. De correctie voor Terugroepactie 23S53 is wellicht niet correct geïnstalleerd.","Als de accu wordt uitgeschakeld, zal dat leiden tot verlies van motorvermogen bij uitrollen, waardoor de kans op een aanrijding groter wordt. Er kan thermische ontluchting van de accu plaatsvinden, wat kan leiden tot een voertuigbrand.","Battery failure can cause a loss of drive power, increasing the risk of a crash. Battery failure can also increase the risk of a fire.","Dealers will update the Battery Energy Control Module software, free of charge. Owner notification letters were mailed June 26, 2025. Owners may contact Ford customer service at 1-866-436-7332. Ford's number for this recall is 25S58.",
25S65,2025,0,false,,25V404,MGP250287,"Ford Nederland B.V.",2025-07-23,2025-08-11,,2025-08-19,"De elektronische portiervergrendeling kan bij onverwachte ontlading van de 12V-accu in gesloten stand blijven.","Hierdoor kunnen bestuurder en voorpassagier worden buitengesloten en kan een inzittende niet snel worden bevrijd, wat het risico op letsel vergroot in noodsituaties of bij hoge temperaturen.","The inability to enter or exit the vehicle in an emergency increases the risk of injury.","Dealers will update the Powertrain Control Module (PCM) and the Secondary On-Board Diagnostic Control Module C (SOBDMC) software, free of charge. Owner notification letters were mailed to 2021-2025 Mustang Mach-E owners September 12, 2025. Additionally, Owner notification letters were mailed to 2024-2025 Mustang Mach-E owners July 10, 2025. Owners may contact Ford customer service at 1-866-436-7332. Ford's number for this recall is 25S65.",
25S75,2025,0,false,,25V455,MGP250290,"Ford Nederland B.V.",2025-08-06,2025-08-14,2025-08-30,2025-08-19,"Door een defecte brandstofpomp kan de brandstofdruk afnemen, waardoor de motor kan uitvallen.","Hierdoor kan de motor tijdens het rijden uitvallen, wat het risico op een ongeval vergroot.","An engine stall increases the risk of a crash.","Dealers will replace the low pressure fuel pump on super duty vehicles and update the powertrain control module (PCM) software on all other affected vehicles, free of charge. Owner notification letters were mailed July 27, 2026. Owners may contact Ford customer service at 1-866-436-7332. Ford's number for this recall is 25S75.",2025-07-07
25S77,2025,0,false,,25V488,MGP250291,"Ford Nederland B.V.",2025-07-28,2025-08-12,2025-08-30,2025-08-19,"De rembekrachtiging kan tijdelijk uitvallen, waarbij het aangrijppunt van het rempedaal dieper komt te liggen.","Een onverwacht verlies van rembekrachtiging tijdens het rijden kan de remafstand verlengen en het risico op een ongeval vergroten.","An unexpected loss of power brake assist while driving can extend stopping distance and increase the risk of a crash. Additionally, a loss of power brake assist while ADAS features are engaged can result in the vehicle not braking as expected, increasing the risk of a crash.","The EBB module software will be updated over-the-air (OTA) or by a dealer, free of charge. Owner notification letters were mailed on August 22, 2025. Owners may contact Ford customer service at 1-866-436-7332. Ford's number for this recall is 25S77.",
25S76,2025,0,false,,25V467,MGP250303,"Ford Nederland B.V.",2025-08-05,2025-09-17,2025-08-22,2025-09-18,"Het hogedrukinspuitventiel kan barsten, waardoor er brandstof op de motor kan lekken.","Ophoping van vloeibare brandstof en/of brandstofdampen bij een heet oppervlak kan leiden tot ontbranding en brand onder de motorkap.","A fuel leak in the presence of an ignition source, such as hot engine or exhaust components, can increase the risk of a fire.","Dealers will update the engine control software. In addition, dealers will replace the high-pressure fuel rail assembly and fuel injectors, free of charge. As an interim repair, dealers will update the engine control software, free of charge. Interim owner notification letters notifying owners of the safety risk were mailed August 29, 2025. Second letters will be sent once the final remedy is available, anticipated in July 2026. Owners may contact Ford customer service at 1-866-436-7332. Ford's number for this recall is 25S76. This recall expands and replaces previous recall numbers 22V-859, 24V187, and 25V165. Vehicles previously remedied under 22V-859, 24V187, and 25V165 will need to have the new final remedy performed once it is available.",2025-11-07
RA062074,2025,0,false,,25V532,MGP250308,"Aston Martin Lagonda Ltd",2025-08-20,2025-09-03,2025-09-10,2025-09-05,"De vacuümpomp van de rembekrachtiger kan onder bepaalde omstandigheden geen vacuüm opbouwen, waardoor de rembekrachtiging minder goed werkt of uitvalt.","Dit kan leiden tot een hard aanvoelend rempedaal, langere remweg en verminderde remprestaties. Hierdoor neemt het risico op een ongeval toe.","A loss of power brake assist can extend the distance required to stop the vehicle, increasing the risk of a crash.","Aston Martin will update the ESP software for all affected vehicles, free of charge. Owner notification letters were mailed on November 1, 2025. Owners may contact Aston Martin customer service at 1-888-923-9988. Aston Martin's number for this recall is RA-06-2074",
RP1064,2025,0,false,,25V555,MGP250312,"Volvo Cars Nederland B.V.",2025-08-20,2025-08-25,2025-08-25,2025-08-28,"De aero wing is mogelijk niet goed gemonteerd op de motorkap.","Hierdoor kan deze in het ergste geval loskomen en in het verkeer terecht komen.","A detached bumper can become a road hazard, increasing the risk of a crash.","Polestar will inspect the hood wing bumper for missing screws. If any screws are missing, the bumper and screws will be replaced. Repairs will be performed free of charge. Owner notification letters were mailed September 30, 2025. Owners may contact Polestar's customer service at 1-800-806-2504. Polestar's number for this recall is RP1064.",
SRVRCL25002,2025,0,false,,25V570,MGP250338,"Ducati North Europe",2025-09-10,2025-09-15,2025-09-20,2025-09-16,"De achteras kan breken.","Dit kan leiden tot verlies van de controle over het voertuig met een ongeval als gevolg.","A rear wheel axle that breaks while riding can result in a loss of motorcycle control, increasing the risk of a crash or injury.","Dealers will replace the rear wheel axle, free of charge. Owner notification letters were mailed October 16, 2025. Owners may contact Ducati customer service at 1-888-391-5446. The manufacturer's number for this recall is SRV-RCL-25-002.",2025-03-09
25C43,2025,0,false,,25V546,MGP250343,"Ford Nederland B.V.",2025-09-08,2025-09-30,2025-10-08,2025-09-18,"In de boordcomputer (BCM) kan water binnendringen waardoor de achterlichten, kentekenplaatverlichting en de markeerverlichting uitvallen.","Het voertuig is minder zichtbaar wat het risico op een ongeval vergroot.","License plate, side marker, and tail lights that fail to illuminate as intended can reduce visibility to other drivers, increasing the risk of a crash.","Dealers will inspect and seal the body seams as necessary. Dealers will also inspect the body control module for corrosion and replace it, if necessary. Repairs will be performed free of charge. Owner notification letters were mailed October 10, 2025. Owners may contact Ford customer service at 1-866-436-7332. Ford's number for this recall is 25C43.",
SVRCL025018,2025,0,false,,25V587,MGP250351,"Zero Motorcycles Inc.",2025-09-18,2025-10-27,2025-09-19,2025-10-30,"De kabelboom van het contactslot zit mogelijk te dicht bij het balhoofd en/of te strak vast met een kabelbinder, waardoor de draden uiteindeljk kunnen breken.","Dit kan tijdens het rijden leiden tot een plotseling verlies van aandrijving, wat het risico op een ongeval vergroot.","A loss of drive power increases the risk of a crash.","The firmware will be updated by a dealer, or through an over-the-air (OTA) update, free of charge. Owner notification letters were mailed September 26, 2025. Owners may contact Zero customer service at 1-888-841-8085. Zero's number for this recall is SV-RCL-025-018.",2025-09-09
0190,2025,0,true,"code too short to be certain",25V590,MGP250353,"Harley-Davidson Benelux BV",2025-09-19,2025-09-24,2025-10-15,2025-09-29,"De bovenste voorvorkbrug kan scheuren.","Als een voorvorkbrug breekt kan de bestuurder de controle over de motor verliezen met een verhoogde kans op een ongeval.","An upper triple clamp that fractures while the motorcycle is being operated could lead to a loss of control, increasing the risk of a crash.","Dealers will replace the upper triple clamp, free of charge. Owner notification letters were mailed October 1, 2025. Owners may contact Harley-Davidson customer service at 1-800-258-2464. Harley-Davidson's number for this recall is 0190.",2025-10-09
25S19,2025,1,false,,25V164,MGP250356,"Ford Nederland B.V.",2026-05-07,2026-08-25,2025-06-03,2026-08-31,"Door een fout in de automatische versnellingsbak werkt de achteruitversnelling mogelijk niet.","Hierdoor kan het voertuig onbedoeld vooruit rollen terwijl de keuzehendel op achteruit staat, wat het risico op een ongeval vergroot.","Unexpected vehicle movement increases the risk of a crash.","Dealers will replace the transmission main control valve body, free of charge. Owner notification letters were mailed April 11, 2025. Owners may contact Ford customer service at 1-866-436-7332. Ford's number for this recall is 25S19.",
69UM,2025,0,true,"code too short to be certain",25V638,MGP250357,"Pon's Automobielhandel B.V.",2025-09-24,2025-10-06,2025-09-30,2025-10-07,"In de veiligheidsgordels voorin zijn mogelijk beschadigde torsiestaven gemonteerd.","Een beschadigde torsiestaaf kan bij een ongeval breken, waardoor de gordel ongecontroleerd afrolt. De beschermende werking van de gordel is daardoor niet meer gegarandeerd. Er bestaat verhoogd gevaar voor verwondingen","In a crash, a damaged torsion bar in a retractor could fail. If this happens, the seat belt may not properly restrain an occupant during a crash, increasing the risk of injury.","Dealers will replace one or both front seat belts, free of charge. Owner notification letters were mailed October 30, 2025, and October 31, 2025. Owners may contact Audi at 1-800-253-2834 or Volkswagen at 1-800-893-5298. Audi's number for this recall is 69UM; Volkswagen’s number for this recall is 694T. Vehicle Identification Numbers (VINs) involved in this recall will be searchable on NHTSA.gov beginning September 26, 2025.",
ASA9,2025,0,true,"code too short to be certain",25V634,MGP250364,"Pon's Automobielhandel B.V. (Luxury Cars)",2025-10-01,2025-10-13,2025-10-20,2025-10-15,"De hogedrukbrandstofpomp kan door een productiefout een onjuiste schroefverbinding hebben.","Dit kan leiden tot brandstoflekkage en een verhoogd risico op brand.","A fuel leak in the presence of an ignition source increases the risk of a fire.","Dealers will inspect and tighten the screw connections and replace the high pressure fuel pump and fuel lines as necessary, free of charge. Owner notification letters were mailed November 19, 2025. Owners may contact Porsche customer service at 1-800-767-7243. Porsche's number for this recall is ASA9. Vehicle Identification Numbers (VINs) involved in this recall will be searchable on NHTSA.gov beginning October 10, 2025.",
R10342,2025,0,false,,25V654,MGP250367,"Volvo Cars Nederland B.V.",2025-10-01,2025-10-06,2025-10-20,2025-10-10,"De bedieningcilinders van de achterklep kunnen losraken tijdens het openen of sluiten van de achterklep.","De achterklep kan plotseling dicht vallen, wat kan leiden tot verwondingen.","A tailgate that suddenly drops can hit a person, increasing the risk of injury.","Owners are advised not to use the POT function until the repair is completed. Dealers will replace both POT drive units. Owner letters were mailed November 24, 2025. Owners may contact Volvo's customer service at 1-800-458-1552. Volvo's number for this recall is R10342. Vehicle Identification Numbers (VINs) involved in this recall will be searchable on NHTSA.gov beginning October 7, 2025.",
25S72,2025,0,false,,25V442,MGP250371,"Ford Nederland B.V.",2025-09-05,2025-10-02,2025-10-15,2025-10-02,"Het scherm van de achteruitrijcamera kan uitvallen of het beeld kan vast blijven staan op het scherm","Het risico op een ongeval wordt vergroot","A rearview camera that displays a blank image can reduce the driver's view behind the vehicle. A rearview image that continues to be displayed after the vehicle is shifted out of reverse may distract the driver. Both of these situations can increase the risk of a crash.","Dealers will update the rearview camera software, free of charge. Owner notification letters were mailed September 4, 2025. Owners may contact Ford customer service at 1-866-436-7332. Ford's number for this recall is 25S72.",
SB2517011,2025,0,false,,25V658,MGP250375,"Tesla Motors Netherlands BV",2025-10-03,2025-10-16,,2025-10-17,"De achteruitrijverlichting werkt mogelijk niet als de achteruit wordt ingeschakeld.","Achteruitrijlichten die niet branden wanneer de auto in de achteruitversnelling staat, kunnen het risico op een botsing vergroten.","Reverse lights that fail to illuminate reduce visibility and may not alert pedestrians or other drivers that the vehicle is backing up, increasing the risk of a crash.","Tesla Service will replace the reverse lights and reverse facia harness, free of charge. Owner notification letters were mailed November 26, 2025. Owners may contact Tesla customer service at 1-877-798-3752. Tesla's number for this recall is SB-25-17-011.",2025-01-10
25S92,2025,0,false,,25V614,MGP250414,"Ford Nederland B.V.",2025-10-23,2026-07-21,2026-02-09,2025-12-01,"De kabels van de gordelspanners kunnen verzwakken of loskomen tijdens een ongeval door corrosie.","Een gecorrodeerde kabel van de gordelspanner minder sterk zijn en een inzittende bij een aanrijding niet voldoende vasthouden, waardoor het risico op verwondingen groter is.","A corroded cable can break, preventing the seat belt from properly restraining an occupant, and increasing the risk of injury during a crash.","Dealers will inspect and replace both front seat belt anchor pretensioner assemblies, as necessary. In addition, dealers will remove sections of the carpet and underlayment that contact the cables. Dealers will also inspect the A-pillar sealing patches, and as necessary, install A-pillar body plugs, and/or inspect and replace the front outboard seat bolts. Repairs will be performed free of charge. Interim letters, notifying owners of the safety risk, were mailed October 20, 2025. Additional letters will be sent once the final remedy is available, anticipated December 2026. Owners may contact Ford customer service at 1-866-436-7332. Ford's number for this recall is 25S92. Vehicle Identification Numbers (VINs) involved in this recall became searchable on NHTSA.gov September 17, 2025.",2025-12-09
25SB5,2025,0,false,,25V721,MGP250420,"Ford Nederland B.V.",2025-10-31,2026-08-04,2025-11-28,2026-08-07,"De bouten voor de bevestiging van de rugleuning aan het stoelframe kunnen mogelijk loskomen.","De kans bestaat dat de rugleuning van de stoel beweegt tijdens een aanrijding en er is een groter risico op verwondingen van de inzittende tijdens een aanrijding.","A seat with a dislodged bolt may not properly restrain an occupant in a crash, increasing the risk of injury.","Dealers will inspect and replace the pivot links and bolts as necessary, free of charge. Owner notification letters were mailed April 28, 2026. Owners may contact Ford customer service at 1-866-436-7332. Ford's number for this recall is 25SB5. Vehicle Identification Numbers (VINs) involved in this recall became searchable on NHTSA.gov beginning October 28, 2025.",
692K,2025,0,true,"code too short to be certain",25V777,MGP250424,"Pon's Automobielhandel B.V.",2025-11-12,2025-11-13,2025-11-14,2025-11-14,"De gordelsloten van de voorstoelen hebben mogelijk een interne verbinding die niet goed vast zit.","Hierdoor kan het gordelslot bij weinig belasting losraken en onvoldoende bescherming bieden bij een ongeval. Dit verhoogt het risico op lichamelijk letsel.","A seat belt that is missing a rivet may not properly restrain an occupant during a crash, increasing the risk of injury.","Dealers will replace both front seat belt buckles, free of charge. Owner notification letters were mailed December 3, 2025. Owners may contact Audi at 1-800-253-2834. Audi's number for this recall is 692K. Vehicle Identification Numbers (VINs) involved in this recall became searchable on NHTSA.gov on November 14, 2025.",2025-12-11
25S89,2025,0,false,,25V572,MGP250429,"Ford Nederland B.V.",2025-11-24,2026-05-26,2026-06-15,2026-05-28,"Het beeld van de achteruitrijcamera kan vervormd worden weergegeven of wegvallen.","Dit kan het risico vergroten dat personen of obstakels achter het voertuig over het hoofd worden gezien bij het achteruitrijden, wanneer het beeld van de achteruitkijkcamera wegvalt of vervormd is.","A rearview camera that displays an inverted, distorted, or blank image can reduce the driver’s view behind the vehicle, increasing the risk of a crash.","Dealers will inspect and replace the rearview camera as necessary, free of charge. Owner notification letters were mailed January 13, 2026. Ford owners will receive letters in phases, beginning January 2026 and June 2026. Owners may contact Ford customer service at 1-866-436-7332. Ford's number for this recall is 25S89. This recall expands previous NHTSA recall number 25V270. Vehicle Identification Numbers (VINs) involved in this recall will be searchable on NHTSA.gov beginning September 8, 2025.",2025-04-09
R10345,2025,0,false,,25V818,MGP250433,"Volvo Cars Nederland B.V.",2025-11-24,2025-12-10,2025-12-31,2025-12-12,"De stoelbouten van de voorstoelen zijn mogelijk niet goed vastgezet.","Hierdoor neemt de stevigheid van de stoel af waardoor inzittenden bij een aanrijding mogelijk minder goed beschermd zijn.","A seat with loose bolts may not properly restrain an occupant during a crash, increasing the risk of injury.","Dealers will tighten the front seat bolts, free of charge. Owner notification letters were mailed December 17, 2025. Owners may contact Volvo's customer service at 1-800-458-1552. Volvo's number for this recall is R10345. Vehicle Identification Numbers (VINs) involved in this recall will be searchable on NHTSA.gov beginning December 5, 2025.",
RE25,2025,1,true,"code too short to be certain",25V648,MGP250440,"Pon's Automobielhandel B.V. (Luxury Cars)",2026-01-08,2026-01-29,2026-02-02,2026-02-02,"De accucellen van de hoogvolt accu kunnen oververhit raken tijdens het opladen.","Verhoogde kans op brand in het voertuig. De fabrikant adviseert de hoogvoltaccu niet op te laden en niet de ‘Battery hold’ modus te gebruiken totdat de modificatie in de werkplaats is uitgevoerd. De hoogvoltaccu kan nog wel geladen worden via de recuperatiefunctie.","A fuel leak in the presence of an ignition source increases the risk of a fire.","Dealers will inspect the screw connections and replace the high pressure fuel pump as necessary, free of charge. Owner notification letters were mailed October 14, 2025. Owners may contact Bentley customer service at 1-800-777-6923. Bentley's number for this recall is RE25/41. Vehicle Identification Numbers (VINs) involved in this recall will be searchable on NHTSA.gov beginning October 27, 2025.",
25SC4,2026,1,false,,26V091,MGP250442,"Ford Nederland B.V.",2025-11-20,2025-12-05,2025-11-28,2025-12-12,"In een of meer cellen van de hoogspanningsaccu kan interne kortsluiting in de cel ontstaan.","Hierdoor kan de aandrijving uitvallen, wat de kans op een ongeval vergroot. Daarnaast kan de accu oververhit raken en brand veroorzaken.","Battery failure can cause a loss of drive power, increasing the risk of a crash. Battery failure can also increase the risk of a fire.","Dealers will update the battery energy control module (BECM) and hybrid powertrain control module (HPCM) software, free of charge. Owners are advised to only use ""Auto EV"" mode and will be instructed by mail to limit the maximum charge of the battery until the remedy has been completed. Interim letters, notifying owners of the safety risk, and instructions to limit the maximum charge of the battery were mailed February 26, 2026. Additional letters will be sent once the final remedy is available. Owners may contact Ford customer service at 1-866-436-7332. Ford's number for this recall is 25SC4. This recall expands previous recall numbers 24V954 and 25V489. Vehicle Identification Numbers (VINs) involved in this recall became searchable on NHTSA.gov on February 18, 2026.",
SVRCL025021,2025,0,false,,25V834,MGP250453,"Zero Motorcycles Inc.",2025-12-08,2026-03-24,2025-12-08,2026-03-26,"Door een defect in de motorcontroller kan de zekering van de aandrijving doorbranden.","Hierdoor kan het aandrijfvermogen onverwacht verloren gaan, wat het risico op een ongeval vergroot.","A loss of drive power increases the risk of a crash.","Dealers will replace the controller, free of charge. Owner notification letters were mailed January 19, 2026. Owners may contact Zero customer service at 1-888-841-8085. Zero's number for this recall is SV-RCL-025-021. Vehicle Identification Numbers (VINs) involved in this recall will be searchable on NHTSA.gov beginning December 19, 2025.",2025-02-12
SRVRCL25004,2025,0,false,,25V838,MGP250457,"Ducati North Europe",2025-12-15,2025-12-17,2025-12-24,2025-12-19,"Door een fout in de kabelboom is de ABS-pomp mogelijk niet goed beveiligd, waardoor de zekering tijdens langdurig remmen kan doorsmelten.","Als de zekering doorsmelt, valt het ABS-systeem uit, waardoor de wielen onbedoeld kunnen blokkeren tijdens het remmen. Dit verhoogt het risico op een ongeval.","Front or rear wheel lockup can cause a loss of motorcycle control, increasing the risk of a crash or injury.","Dealers will inspect the fuses and fuse holders, and repair them as necessary, free of charge. Owner notification letters were mailed January 30, 2026. Owners may contact Ducati customer service at 1-888-391-5446. Vehicle Identification Numbers (VINs) involved in this recall will be searchable on NHTSA.gov beginning December 15, 2025. Ducati's number for this recall is SRV-RCL-25-004.",2025-05-12
H552,2025,1,true,"code too short to be certain",25V466,MGP250465,"Jaguar Land Rover Nederland B.V.",2026-02-18,2026-02-18,2025-12-17,2026-02-20,"De passagiersairbag kan scheuren tijdens de activering doordat deze niet goed is opgevouwen.","Dit verminderd de bescherming bij een ongeval. Ook kunnen hete gassen ontsnappen, waardoor inzittenden brandwonden kunnen oplopen.","A torn air bag may not adequately protect an occupant in a crash, increasing the risk of injury. Additionally, a torn air bag may allow hot gases to escape, which can cause a burn injury.","Dealers will replace the passenger air bag module, free of charge. Owner letters were mailed February 6, 2026. Owners may contact Jaguar's customer service at 1-800-452-4827. Jaguar's number for this recall is H552.",2025-11-07
25C55,2025,0,false,,25V689,MGP260012,"Ford Nederland B.V.",2025-12-03,2026-01-15,2026-01-20,2026-01-16,"De controlelamp van het remsysteem gaat niet branden wanneer het remvloeistofpeil onder het minimum peil in het remvloeistofreservoir komt. De corrigerende software voor de terugroepactie 23C35 is mogelijk niet correct geïnstalleerd.","Wanneer de remvloeistof uit het reservoir opraakt, gaat het waarschuwingslampje voor het remsysteem niet branden.","Without a low brake fluid warning light, the vehicle may be driven with low brake fluid, reducing braking performance and increasing the risk of a crash.","Dealers will update the body control module software, free of charge. Owner notification letters were mailed December 11, 2025. Owners may contact Ford customer service at 1-866-436-7332. Ford's number for this recall is 25C55. Vehicle Identification Numbers (VINs) involved in this recall will be searchable on NHTSA.gov beginning November 17, 2025.",2025-10-10
RP1079,2026,0,false,,26V037,MGP260022,"Volvo Cars Nederland B.V.",2026-01-20,2026-01-23,2026-02-25,2026-01-27,"De beugel van de achterbankvergrendeling is mogelijk onjuist aan het chassis bevestigd.","Bij een botsing kan de bagage ervoor zorgen dat de achterbank losschiet en de inzittenden verwonden.Polestar adviseert om geen bagage in de kofferruimte te plaatsen voordat het voertuig is gerepareerd.","A loose rear seat backrest may fall forward and allow cargo to enter the cabin during a crash, increasing the risk of injury.","Dealers will inspect and tighten the rear seat backrest striker bracket mounting nuts as necessary, free of charge. Owner notification letters were mailed March 4, 2026. Owners may contact Polestar's customer service at 1-800-806-2504. Polestar's number for this recall is RP1079. Vehicle Identification Numbers (VINs) involved in this recall will become searchable on NHTSA.gov beginning January 30, 2026.",
N945,2025,1,true,"code too short to be certain",25V454,MGP260031,"Jaguar Land Rover Nederland B.V.",2026-01-28,2026-02-27,2026-03-02,2026-02-27,"De passagiersairbag kan scheuren als deze wordt geactiveerd bij een ongeval omdat de airbag onjuist is opgevouwen tijdens het montageproces.","Een gescheurde airbag kan de bescherming van de inzittenden verminderen, waardoor het risico op letsel bij een botsing groter is. Bij een gescheurde airbag kunnen ook hete gassen ontsnappen, waardoor inzittenden brandwonden kunnen oplopen.","A torn air bag may not adequately protect an occupant in a crash, increasing the risk of injury. Additionally, a torn air bag may allow hot gases to escape, which can cause a burn injury.","Dealers will repair the passenger air bag module, free of charge. Owner letters were mailed February 17 2026. Owners may contact Land Rover's customer service at 800-637-6837. Land Rover's number for this recall is N945.",2025-07-07
SRVRCL26001,2026,0,false,,26V050,MGP260038,"Ducati North Europe",2026-02-03,2026-02-08,2026-02-08,2026-02-10,"De remleiding van de achterrem is onvoldoende beschermd tegen de hitte van het motorblok.","De achterremmen kunnen remdruk verliezen.","A sudden loss of rear brake function increases the risk of a crash or injury.","Dealers will replace the thermal shield, free of charge. Owner notification letters were mailed March 9, 2026. Owners may contact Ducati customer service at 1-888-391-5446. Ducati's number for this recall is SRV-RCL-26-001. Vehicle Identification Numbers (VINs) involved in this recall became searchable on NHTSA.gov on February 3, 2026. This recall expands and replaces previous NHTSA recall number 25V013. Vehicles repaired under the previous recall will need to have the new remedy completed.",
0191,2026,0,true,"code too short to be certain",26V075,MGP260051,"Harley-Davidson Benelux BV",2026-02-12,2026-02-27,2026-12-02,2026-03-02,"De bovenste voorvorkbrug kan scheuren.","Als een voorvorkbrug breekt kan de bestuurder de controle over de motor verliezen met een verhoogde kans op een ongeval","An upper triple clamp that fractures can lead to a loss of control, increasing the risk of a crash.","Dealers will inspect and replace the upper triple clamp, as necessary, free of charge. Owner notification letters are expected to be mailed February 19, 2026. Owners may contact Harley-Davidson customer service at 1-800-258-2464. Harley-Davidson's number for this recall is 0191. This recall expands previous NHTSA recall number 25V590. Motorcycles that were repaired under the previous recall will need to have the new remedy performed.",2026-09-02
25SD9,2025,0,false,,25V860,MGP260085,"Ford Nederland B.V.",2025-12-03,2026-03-12,2026-04-15,2026-04-09,"De linker, achterste aandrijfas is mogelijk niet goed in de elektrische aandrijving geplaatst waardoor deze vroegtijdig kan slijten.","Hierdoor kan lekkage en uiteindelijk verlies van aandrijfkracht optreden. Ook kan het voertuig onbedoeld bewegen in de parkeerstand.","A loss of drive power increases the risk of a crash. In addition, a half shaft that is not fully engaged to the primary drive unit can result in a vehicle rollaway if the parking brake is not applied, increasing the risk of a crash or injury.","Dealer will inspect and replace the rear half shaft and power drive unit components as necessary, free of charge. Owner notification letters were mailed April 3, 2026. Owners may contact Ford customer service at 1-866-436-7332. Ford's number for this recall is 25SD9. Vehicle Identification Numbers (VINs) involved in this recall became searchable on NHTSA.gov on December 15, 2025.",2025-12-12
R10365,2026,0,false,,26V136,MGP260093,"Volvo Cars Nederland B.V.",2026-03-12,2026-03-16,2026-03-16,2026-03-17,"Er wordt geen waarschuwingsgeluid gegeven als de veiligheidsgordel niet is vast gemaakt.","De bestuurder krijgt geen waarschuwing als de inzittenden geen veiligheidsgordel dragen.","An audible warning chime that does not properly alert of an unbelted seat belt can increase the risk of injury during a crash.","Dealers will replace the terminals at the audio module connector, free of charge. Owner notification letters were mailed March 26, 2026. Owners may contact Volvo Car’s customer service at 1-800-458-1552. Volvo Car’s number for this recall is R10365. Vehicle Identification Numbers (VINs) involved in this recall became searchable on NHTSA.gov on March 13, 2026.",2026-11-03
RA412086,2026,0,false,,26V200,MGP260104,"Aston Martin Lagonda Ltd",2026-03-17,2026-04-20,2026-05-05,2026-04-21,"De onderste draagarm achter is mogelijk met een verkeerde bout vastgezet.","Als de draagarm losraakt wordt de kans op een ongeval vergroot.","Failure of the rear lower suspension arm can cause a loss of vehicle control, damage the brake line or other suspension components, and increase the risk of a crash.","Aston Martin will inspect the lower rear suspension arms for cracks, and as necessary, replace the lower rear arms, and replace the bolts for the torque reaction links, free of charge. Owner notification letters were mailed May 28, 2026. Owners may contact Aston Martin customer service at 1-888-923-9988. Aston Martin's number for this recall is RA-41-2086. The Vehicle Identification Number (VIN) involved in this recall became searchable on NHTSA.gov on April 2, 2026.",
26S10,2026,0,false,,26V122,MGP260128,"Ford Nederland B.V.",2026-04-01,2026-04-28,2026-05-02,2026-04-30,"De uitlaatgasrecirculatieklep (EGR-klep) kan defect raken.","De aandrijving kan wegvallen wat het risico op een ongeval vergroot.","An unexpected loss of drive power increases the risk of a crash.","Dealers will replace the EGR valves, free of charge. Owner notification letters were mailed July 31, 2026. Owners may contact Ford customer service at 1-866-436-7332. Ford's number for this recall is 26S10. Vehicle Identification Numbers (VINs) involved in this recall became searchable on NHTSA.gov on March 4, 2026.",2026-03-03
26S09,2026,0,false,,26V124,MGP260129,"Ford Nederland B.V.",2026-05-27,2026-05-27,2026-06-08,2026-05-28,"De achteruitrijcamera kan uitvallen door oververhitting van de (APIM) module.","Als het beeld van de achteruitrijcamera niet wordt weergegeven tijdens het achteruitrijden wordt het zicht naar achteren beperkt, wat het risico op een ongeval vergroot.","A rearview camera that fails to display an image can reduce the driver’s view behind the vehicle, increasing the risk of a crash.","The APIM software will be updated by a dealer, or through an over-the-air (OTA) update, free of charge. Owner notification letters were mailed April 13, 2026. Owners may contact Ford Customer Service at 1-866-436-7332. Ford's number for this recall is 26S09. Vehicle Identification Numbers (VINs) involved in this recall became searchable on NHTSA.gov on March 5, 2026.",2026-03-03
SR26030,2026,0,false,,26V193,MGP260131,"Lucid Europe B.V.",2026-04-09,2026-04-17,2026-05-22,2026-04-20,"De bevestigingsbouten van de aandrijfas zitten mogelijk niet goed vast.","Dit kan leiden tot onverwacht verlies van de aandrijving en vergroot de kans op een ongeval.","A disconnected half shaft can result in a loss of drive power, increasing the risk of a crash.","Lucid will remove and install new bolts, free of charge. Owner notification letters were mailed May 18, 2026. Owners may contact Lucid at 1-888-995-8243. Lucid's number for this recall is SR-26-03-0. This recall is an expansion of previous NHTSA recall number 25V669.",
20261,2026,0,false,,26V098,MGP260135,"BRP European Distribution SA",2026-04-14,2026-04-14,2026-04-14,2026-04-17,"De steun van de voorremklauw kan breken door herhaaldelijk hard remmen of noodremmen.","Als de steun breekt, zal de werking van de voorrem verloren gaan, wat het risico op een ongeval vergroot.","Structural failure may prevent the seat from properly restraining an occupant during a crash, increasing the risk of injury.","The remedy is currently under development. All affected vehicles were repaired by June 22, 2026. Owners may contact Braun Ambulances' customer service at 1-800-363-7591. Braun Ambulances number for this recall is 2026-1.",
46P7,2026,0,true,"code too short to be certain",26V240,MGP260138,"Pon's Automobielhandel B.V.",2026-04-15,2026-04-17,2026-04-22,2026-04-20,"De schroefverbinding tussen het rempedaal en de rembekrachtiger kan los raken.","Bij losraken van de verbinding is remmen alleen mogelijk met de noodremfunctie door het continu aantrekken van de knop voor elektronische parkeerrem op de middenconsole.","Brake pedal detachment can cause a loss of brake function and increase the risk of a crash.","Dealers will inspect and tighten the pushrod screw joint as necessary, free of charge. Owner notification letters were mailed on April 28, 2026. Owners may contact Audi customer service at 1-800-253-2834. Volkswagen's number for this recall is 46P7. This recall expands previous NHTSA recall number 24V621. Vehicle Identification Numbers (VINs) involved in this recall became searchable on NHTSA.gov on April 17, 2026.",
R26A1,2026,0,false,,26V230,MGP260151,"Nissan Nederland",2026-04-10,2026-05-06,2026-06-01,2026-05-07,"De airbagontsteker van de bestuurdersairbag kan mogelijk losraken van het stuurwiel bij activatie door een ongeval.","Verhoogd risico op letsel na activatie van de airbag door een ongeval.","A driver's air bag that ruptures or detaches can strike the driver or other occupants, increasing the risk of injury during a crash.","Dealers will inspect the front air bag inflator serial number, and replace the inflator as necessary, free of charge. Owner notification letters were mailed June 9, 2026. Owners may contact Nissan's customer service at 800-647-7261. Nissan's number for this recall is R26A1. Vehicle Identification Numbers (VINs) involved in this recall will be searchable on NHTSA.gov beginning April 14, 2026.",2026-10-04
69GT,2026,0,true,"code too short to be certain",26V266,MGP260152,"Pon's Automobielhandel B.V.",2026-05-04,2026-05-04,2026-05-04,2026-05-07,"De veiligheidsgordels van de voorstoelen vergrendelen mogelijk niet goed.","Dit zorgt voor een verminderde werking van het gordelsysteem bij een ongeval.","Improperly restrained occupants have an increased risk of injury during a crash.","Dealers will replace the driver and front passenger seat belts as necessary, free of charge. Owner notification letters were mailed May 29, 2026. Owners may contact Audi's customer service at 1-800-253-2834. Audi's number for this recall is 69GT.",
0193,2026,0,true,"code too short to be certain",26V270,MGP260164,"Harley-Davidson Benelux BV",2026-04-30,2026-05-18,2026-04-05,2026-09-07,"De ontluchtingsopening van het oliecarter kan mogelijk verstopt raken.","Hierdoor kan overdruk in het carter ontstaan. Bij het verwijderen van de peilstok kan hete motorolie onder druk uit de vulopening komen. Dit kan leiden tot letsel bij de gebruiker.","When the dipstick is removed while the crankcase is pressurized, oil may eject from the fill spout, increasing the risk of injury.","Dealers will inspect the breather port, and if the port is blocked, repair the blockage, free of charge. Owner notification letters were mailed May 14, 2026. Owners may contact Harley-Davidson customer service at 1-800-258-2464. Vehicle Identification Numbers (VINs) involved in this recall became searchable on NHTSA.gov April 16, 2025. Harley-Davidson's number for this recall is 0193.",
26S14,2026,0,false,,26V117,MGP260167,"Ford Nederland B.V.",2026-04-20,2026-05-07,2026-05-18,2026-05-08,"De ruitenwissermotoren van de voorruit werken mogelijk niet goed.","Dit kan onder bepaalde omstandigheden verminderd zicht of verlies van het zicht veroorzaken, waardoor het risico op een ongeval toeneemt.","Windshield wipers that fail to operate properly can reduce visibility, increasing the risk of a crash.","Dealers will inspect and replace the front wiper motors as necessary, free of charge. Interim letters, notifying owners of the safety risk, were mailed April 2, 2026. Additional letters will be sent once the final remedy is available, anticipated in October 2026. Owners may contact Ford customer service at 1-866-436-7332. Ford's number for this recall is 26S14. Vehicle Identification Numbers (VINs) involved in this recall became searchable on NHTSA.gov on March 4, 2026.",2026-03-03
2601,2026,0,true,"code too short to be certain",26V088,MGP260169,"Knaus Tabbert AG",2026-05-13,2026-05-21,2026-05-29,2026-05-27,"De ISOFIX bevestigingsbeugels voor een kinderzitje zijn mogelijk niet goed gelast.","Een aan de ISOFIX-bevestigingspunten bevestigd kinderzitje kan bij een botsing losraken, waardoor er een verhoogd risico op letsel voor uw kind bestaat.BELANGRIJK: GEBRUIK DE ISOFIX-BEVESTIGINGSPUNTEN IN UW AUTO METEEN NIET MEER!","Binding in the gearbox can cause a loss of steering, increasing the risk of a crash.","Shyft will replace the steering gearbox mounting bolts and washers, free of charge. Owner notification letters were mailed February 23, 2026. Owners may contact Shyft customer service at 1-800-237-7806. Shyft's number for this recall is 26-01.",
N242454440,2024,1,false,,24V797,MGP260242,"Klintberg and Way Parts AB",2025-03-31,2026-07-24,,2026-07-31,"Een regelklep van de automatische versnellingsbak kan overmatig slijten.","De wielen op de achteras kunnen mogelijk blokkeren door abrupte schakelingen. Dit verhoogt het risico op ongelukken.","Rear wheel lock-up can increase the risk of a crash.","Dealers will install new transmission control module software, free of charge. GM will provide a special coverage program to cover the repair of transmissions that are identified by the remedy software as containing a defective control valve. Owner notification letters were mailed December 12, 2024. Owners may contact GM customer service at 1-888-988-7267, Cadillac customer service at 1-800-458-8006, GMC customer service at GMC 1-800-462-8782 or Chevrolet customer service at 1-800-222-1020. GM's number for this recall is N242454440.",
26S50,2026,0,false,,26V417,MGP260304,"Ford Nederland B.V.",2026-07-29,2026-07-30,2026-08-17,2026-08-06,"In het differentieel van de aandrijving kan een as breken.","De aandrijving valt plotseling weg of het voertuig kan onbedoeld gaan rollen in de parkeerstand wat het risico op een ongeval vergroot.","Differential pinion shaft fracture may result in a loss of drive power, or unintended vehicle movement if the vehicle is in park without the parking brake applied, increasing the risk of a crash.","Dealers will repair or replace the rear differential assembly as necessary, free of charge. Interim letters, notifying owners of the safety risk, were mailed July 13, 2026. Additional letters will be sent once the remedy is available, anticipated in late December 2026. Owners may contact Ford customer service at 1-866-436-7332. Ford's number for this recall is 26S50.",
26S55,2026,0,false,,26V468,MGP260316,"Ford Nederland B.V.",2026-08-26,2026-08-27,2026-09-14,2026-09-01,"De afdekking van de kabelboom in de motorruimte kan tegen interne circuits aan schuren.","Door de schuring kunnen de circuits bloot komen te liggen. Dit kan kortsluiting veroorzaken met mogelijk brand tot gevolg.","A short circuit in the engine compartment can create heat or spark, increasing the risk of a fire.","Dealers will install sheathing over the wiring, free of charge. This is a Phased campaign. Phase 1 will include 2026 Bronco Raptor notified owners on 7/31/2026. Phase 2 will include 2021-2025 Bronco Raptor vehicle will notify owners on or about 8/14/2026. Phase 3 will include 2021-2026 Bronco will notify owners on or about 9/1/2026. Owner notification letters were mailed August 5, 2026. Owners may contact Ford customer service at 1-866-436-7332. Ford's number for this recall is 26S55. Vehicle Identification Numbers (VINs) involved in this recall became searchable on NHTSA.gov on July 23, 2026.",
