maker_code,us_campaign,nl_reference,reported_by,us_score,nl_score,us_flags,nl_flags,gap,us_text,nl_text
SRVRCL26001,26V050,MGP260038,"Ducati North Europe",3,0,"crash; injury; no_warning",,3,"A sudden loss of rear brake function increases the risk of a crash or injury.","De achterremmen kunnen remdruk verliezen."
21S32,21V537,MGP220161,"Ford Nederland B.V.",2,0,"crash; loss_of_control",,2,"A rear toe-link fracture can result in a loss of steering control, increasing the risk of a crash.","Hierdoor kan het buitenste deel van de reactiestang van de achterwielophanging barsten, waardoor het voertuig moeilijk te besturen is."
RP1063,25V453,MGP250233,"Volvo Cars Nederland B.V.",2,0,"crash; injury",,2,"Damage to harnesses can cause various electrical malfunctions, such as a loss of power steering assist, increasing the risk of a crash or injury.","Verschillende electronische storingen waaronder verlies van de stuurbekrachtiging."
25SD9,25V860,MGP260085,"Ford Nederland B.V.",2,0,"crash; injury",,2,"A loss of drive power increases the risk of a crash. In addition, a half shaft that is not fully engaged to the primary drive unit can result in a vehicle rollaway if the parking brake is not applied, increasing the risk of a crash or injury.","Hierdoor kan lekkage en uiteindelijk verlies van aandrijfkracht optreden. Ook kan het voertuig onbedoeld bewegen in de parkeerstand."
R10365,26V136,MGP260093,"Volvo Cars Nederland B.V.",2,0,"crash; injury",,2,"An audible warning chime that does not properly alert of an unbelted seat belt can increase the risk of injury during a crash.","De bestuurder krijgt geen waarschuwing als de inzittenden geen veiligheidsgordel dragen."
18S07,18V169,MGP180340,"Ford Nederland B.V.",1,0,fire,,1,"A transmission fluid leak in the presence of an ignition source such as hot engine or exhaust components can increase the risk of a fire.","De koppeling kan slippen. Hierdoor is de rijsnelheid gereduceerd, zijn de voertuigprestaties beperkt en verspreidt de koppeling een geur. In extreme gevallen komen fragmenten van de koppeling/transmissie los en raken deze de componenten onder de motorkap."
23S27,23V380,MGP230240,"Ford Nederland B.V.",2,1,"fire; injury",fire,1,"An engine compartment fire increases the risk of injury.","Hierdoor is het mogelijk dat olie ontsnapt, waardoor in combinatie met de hitte in de motorruimte, brand onder de motorkap kan ontstaan."
23C35,23V727,MGP230470,"Ford Nederland B.V.",1,0,crash,,1,"Without a low brake fluid warning light, the vehicle may be driven with low brake fluid, reducing braking performance and increasing the risk of a crash.","Verliezen van remcapaciteit, niet kunnen remmen."
23S48,25V273,MGP240003,"Ford Nederland B.V.",1,0,crash,,1,"Loss of the rearview camera image can reduce the driver's view of what is behind the vehicle, increasing the risk of a crash.","De bestuurder heeft minder zicht tijdens het achteruitrijden dan verwacht."
CR285,25V013,MGP250024,"Ducati North Europe",3,2,"crash; injury; no_warning","crash; no_warning",1,"A sudden loss of the rear brakes increases the risk of a crash or injury.","Dit kan leiden tot een plotseling verlies van remkracht in de achterwielrem. Dit vergroot de kans op een ongeval."
SB2500004,25V092,MGP250054,"Tesla Motors Netherlands BV",1,0,crash,,1,"A loss of power steering assist can require greater steering effort, especially at low speeds, increasing the risk of a crash.","De stuurbekrachtiging kan uitvallen."
25S01,25V025,MGP250059,"Ford Nederland B.V.",1,0,crash,,1,"An external reservoir that detaches from a vehicle can create a road hazard, increasing the risk of a crash.","Dit kan leiden tot vloeistoflekkages bij de achterwielen, delen van de schokdemper kunnen in het verkeer terechtkomen en een potentieel gevaar vormen voor andere weggebruikers en het heeft een negatieve invloed op het weggedrag."
25S11,25V096,MGP250090,"Ford Nederland B.V.",1,2,crash,"crash; no_warning",-1,"A steering wheel that turns unintentionally can cause a loss of vehicle control and increase the risk of a crash.","Het stuurwiel kan zonder waarschuwing beginnen te trillen (afwisselend rechtsom/linksom) wanneer de bestuurder probeert te sturen, waardoor het risico op een ongeval toeneemt."
SB2520001,25V172,MGP250103,"Tesla Motors Netherlands BV",1,0,crash,,1,"An inoperative horn may prevent the driver from alerting other drivers, increasing the risk of a crash.","Indien de verkeerde airbag is gemonteerd werkt de claxon niet meer. De werking van de airbag blijft onaangetast."
MC2506,25V363,MGP250129,"Yamaha Motor Nederland B.V.",2,1,"crash; injury",injury,1,"An engine stall increases the risk of a crash or injury.","Hier kunnen personen zich mogelijk aan verwonden."
25S16,25V133,MGP250152,"Ford Nederland B.V.",1,0,crash,,1,"A loss of drive power increases the risk of a crash.","Hierdoor kan de auto tijdens het rijden gedwongen naar neutraal schakelen en bij stilstand naar de “Parkeerstand”, waarna de auto langzaam rijdt met weinig kracht (max. 50 km/u)."
25S22,25V166,MGP250154,"Ford Nederland B.V.",1,0,crash,,1,"A disconnected driveshaft can result in vehicle rollaway when the vehicle is placed in park without the parking brake applied. A disconnected driveshaft can also result in a loss of drive power. Either of these scenarios can increase the risk of a crash.","Hierdoor kan een bevestigingsbout van de achteras breken tijdens het accelereren, wat leidt tot verlies van aandrijfvermogen. Het voertuig kan dan ook gaan rollen in de parkeerstand."
25S27,25V159,MGP250156,"Ford Nederland B.V.",1,0,crash,,1,"Loss of the rearview camera image can reduce the driver's rear visibility, increasing the risk of a crash.","De bestuurder heeft minder zicht tijdens het achteruitrijden dan verwacht."
25S38,25V242,MGP250185,"Ford Nederland B.V.",1,0,crash,,1,"Loss of the rearview camera image can reduce the driver's rear visibility, increasing the risk of a crash.","De bestuurder heeft minder zicht tijdens het achteruitrijden dan verwacht."
25S51,25V439,MGP250244,"Ford Nederland B.V.",2,3,"crash; injury","crash; injury; death",-1,"An air bag that deploys with excessive force can increase the risk of injury during a crash.","Bij een botsing waarbij de airbag wordt geactiveerd, kan de slang van de gasgenerator echter scheuren. Deze breuk kan leiden tot metaalsplinters, schade aan het kussen van de airbag, volledig verlies van de werking van de airbag en een verhoogd risico op al dan niet dodelijke verwondingen."
25S54,25V345,MGP250246,"Ford Nederland B.V.",2,1,"fire; injury",fire,1,"An engine compartment fire increases the risk of injury.","Hierdoor is het mogelijk dat olie ontsnapt, waardoor in combinatie met de hitte in de motorruimte, brand onder de motorkap kan ontstaan."
RP1064,25V555,MGP250312,"Volvo Cars Nederland B.V.",1,0,crash,,1,"A detached bumper can become a road hazard, increasing the risk of a crash.","Hierdoor kan deze in het ergste geval loskomen en in het verkeer terecht komen."
SVRCL025018,25V587,MGP250351,"Zero Motorcycles Inc.",1,2,crash,"crash; no_warning",-1,"A loss of drive power increases the risk of a crash.","Dit kan tijdens het rijden leiden tot een plotseling verlies van aandrijving, wat het risico op een ongeval vergroot."
25S19,25V164,MGP250356,"Ford Nederland B.V.",2,1,"crash; no_warning",crash,1,"Unexpected vehicle movement increases the risk of a crash.","Hierdoor kan het voertuig onbedoeld vooruit rollen terwijl de keuzehendel op achteruit staat, wat het risico op een ongeval vergroot."
SB2517011,25V658,MGP250375,"Tesla Motors Netherlands BV",1,2,crash,"crash; fire",-1,"Reverse lights that fail to illuminate reduce visibility and may not alert pedestrians or other drivers that the vehicle is backing up, increasing the risk of a crash.","Achteruitrijlichten die niet branden wanneer de auto in de achteruitversnelling staat, kunnen het risico op een botsing vergroten."
25S89,25V572,MGP250429,"Ford Nederland B.V.",1,0,crash,,1,"A rearview camera that displays an inverted, distorted, or blank image can reduce the driver’s view behind the vehicle, increasing the risk of a crash.","Dit kan het risico vergroten dat personen of obstakels achter het voertuig over het hoofd worden gezien bij het achteruitrijden, wanneer het beeld van de achteruitkijkcamera wegvalt of vervormd is."
R10345,25V818,MGP250433,"Volvo Cars Nederland B.V.",2,1,"crash; injury",crash,1,"A seat with loose bolts may not properly restrain an occupant during a crash, increasing the risk of injury.","Hierdoor neemt de stevigheid van de stoel af waardoor inzittenden bij een aanrijding mogelijk minder goed beschermd zijn."
SVRCL025021,25V834,MGP250453,"Zero Motorcycles Inc.",1,2,crash,"crash; no_warning",-1,"A loss of drive power increases the risk of a crash.","Hierdoor kan het aandrijfvermogen onverwacht verloren gaan, wat het risico op een ongeval vergroot."
SRVRCL25004,25V838,MGP250457,"Ducati North Europe",2,1,"crash; injury",crash,1,"Front or rear wheel lockup can cause a loss of motorcycle control, increasing the risk of a crash or injury.","Als de zekering doorsmelt, valt het ABS-systeem uit, waardoor de wielen onbedoeld kunnen blokkeren tijdens het remmen. Dit verhoogt het risico op een ongeval."
26S10,26V122,MGP260128,"Ford Nederland B.V.",2,1,"crash; no_warning",crash,1,"An unexpected loss of drive power increases the risk of a crash.","De aandrijving kan wegvallen wat het risico op een ongeval vergroot."
SR26030,26V193,MGP260131,"Lucid Europe B.V.",1,2,crash,"crash; no_warning",-1,"A disconnected half shaft can result in a loss of drive power, increasing the risk of a crash.","Dit kan leiden tot onverwacht verlies van de aandrijving en vergroot de kans op een ongeval."
20261,26V098,MGP260135,"BRP European Distribution SA",2,1,"crash; injury",crash,1,"Structural failure may prevent the seat from properly restraining an occupant during a crash, increasing the risk of injury.","Als de steun breekt, zal de werking van de voorrem verloren gaan, wat het risico op een ongeval vergroot."
26S50,26V417,MGP260304,"Ford Nederland B.V.",1,2,crash,"crash; no_warning",-1,"Differential pinion shaft fracture may result in a loss of drive power, or unintended vehicle movement if the vehicle is in park without the parking brake applied, increasing the risk of a crash.","De aandrijving valt plotseling weg of het voertuig kan onbedoeld gaan rollen in de parkeerstand wat het risico op een ongeval vergroot."
18S29,18V707,MGP180515,"Ford Nederland B.V.",1,1,fire,fire,0,"A hydraulic fluid leak in the presence of an ignition source can increase the risk of a fire.","Brand in de motorruimte."
23S53,23V626,MGP230381,"Ford Nederland B.V.",2,2,"crash; fire","crash; fire",0,"Battery failure can cause a loss of drive power, increasing the risk of a crash. Battery failure can also increase the risk of a fire.","Het motorstoringlampje gaat branden in geval van interne kortsluiting. Mogelijk verlies van aandrijfkracht waardoor het risico op een aanrijding toeneemt. Er kan thermische ontluchting van de accu plaatsvinden, wat kan leiden tot een voertuigbrand."
23S56,25V441,MGP230419,"Ford Nederland B.V.",1,1,crash,no_warning,0,"An overheated high voltage battery contactor can result in a loss of drive power, increasing the risk of a crash.","Het voertuig kan bij een volgende keer gebruik niet meer gaan rijden, of, de aandrijving van het voertuig valt tijdens het rijden onverwacht uit."
24S33,25V881,MGP240197,"Ford Nederland B.V.",1,1,crash,no_warning,0,"A loss of drive power increases the risk of a crash.","De aandrijving van het rijdende voertuig kan overschakelen op parkeer-/kruipsnelheid. Als gevolg zal het voertuig onverwacht vertragen."
SB2500001,25V002,MGP250053,"Tesla Motors Netherlands BV",1,1,crash,crash,0,"A rearview camera that does not display an image reduces the driver's rear view, increasing the risk of a crash.","Als het display van de achteruitrijcamera niet werkt, kan dat het zicht naar achteren van de bestuurder beïnvloeden en het risico op een botsing bij achteruitrijden vergroten."
R10298,25V071,MGP250078,"Volvo Cars Nederland B.V.",1,1,crash,crash,0,"A loss of headlight function while driving can reduce visibility and increase the risk of a crash.","Als de koplampen uitvallen tijdens het rijden, vermindert het zicht, wat het risico op een ongeval vergroot."
25S09,25V093,MGP250089,"Ford Nederland B.V.",2,2,"crash; injury","crash; injury",0,"A loose seat belt or seat belt buckle may not properly restrain an occupant during a crash, increasing the risk of injury.","Verkeerd bevestigde veiligheidsgordels kunnen een inzittende tijdens een botsing wellicht niet goed tegenhouden, waardoor het risico op verwondingen toeneemt."
