uk_reference,uk_launched,make,models,manufacturer_code,us_campaign,us_filed,days_uk_to_us,canada_recall,canada_date,eu_alerts,page
R/2026/345,2026-09-04,Ford,Mustang,26C32,26V418,2026-06-30,-66,2026319,2026-06-30,0,https://carsmultiverse.com/uk-recall/r-2026-345/
R/2026/236,2026-09-01,"Adria Concessionaires","Twin 640 SPX, Compact SC, Compact SP and 20 more",165ISOFIX,,,,,,3,https://carsmultiverse.com/uk-recall/r-2026-236/
R/2026/289,2026-08-31,Ford,Ranger,26S35,26V343,2026-05-27,-96,2026258,2026-05-27,1,https://carsmultiverse.com/uk-recall/r-2026-289/
R/2026/160,2026-08-27,Ford,"Kuga and Ranger",26S10,26V122,2026-03-03,-177,2026094,2026-03-03,0,https://carsmultiverse.com/uk-recall/r-2026-160/
R/2026/341,2026-08-26,"Laika Caravans S.P.A.","Kreos H 5109",REC2601,,,,,,1,https://carsmultiverse.com/uk-recall/r-2026-341/
R/2026/328,2026-08-13,"Husqvarna Motorcycles","FE 501, FE 250, FE 250 Heritage and 13 more",132698518,,,,,,1,https://carsmultiverse.com/uk-recall/r-2026-328/
R/2026/253,2026-08-03,Kia,PV5,261105261106261107,,,,,,1,https://carsmultiverse.com/uk-recall/r-2026-253/
R/2025/369,2026-07-31,Ford,Mustang,25S75,25V455,2025-07-07,-389,2025366,2025-07-08,0,https://carsmultiverse.com/uk-recall/r-2025-369/
R/2026/300,2026-07-20,"Aston Martin","Valkyrie Coupe and Valkyrie Spider",RA062062,26V359,2026-06-03,-47,,,0,https://carsmultiverse.com/uk-recall/r-2026-300/
R/2026/290,2026-07-14,"Nissan (Gb)",Qashqai,PG5CA,,,,,,1,https://carsmultiverse.com/uk-recall/r-2026-290/
R/2026/233,2026-07-13,"Bmw Motorrad",K17,0000612800,,,,,,1,https://carsmultiverse.com/uk-recall/r-2026-233/
R/2026/207,2026-07-13,Kia,K4,261M20,,,,,,1,https://carsmultiverse.com/uk-recall/r-2026-207/
R/2026/272,2026-07-13,"Volvo Car",XC40,R10388,,,,,,1,https://carsmultiverse.com/uk-recall/r-2026-272/
R/2026/265,2026-07-10,"Nissan (Gb)",X-Trail,R26A5,,,,,,1,https://carsmultiverse.com/uk-recall/r-2026-265/
R/2026/261,2026-07-03,Ford,"Transit Custom",26S33,,,,,,1,https://carsmultiverse.com/uk-recall/r-2026-261/
R/2026/291,2026-06-24,"Volvo Trucks","FH and FM",M0410,,,,2023346,2023-06-14,0,https://carsmultiverse.com/uk-recall/r-2026-291/
R/2026/221,2026-06-19,Mercedes-Benz,GLE,9190322,,,,2026266,2026-06-01,0,https://carsmultiverse.com/uk-recall/r-2026-221/
R/2026/159,2026-06-15,Hyundai,"Ioniq AE EV",61D018,,,,,,1,https://carsmultiverse.com/uk-recall/r-2026-159/
R/2025/553,2026-06-12,"Land Rover","Discovery Sport, Range Rover Evoque, Defender and 1 more",D080D122,,,,,,1,https://carsmultiverse.com/uk-recall/r-2025-553/
R/2026/213,2026-05-28,Ford,"Edge, Mustang and Transit Connect",25S89,25V572,2025-04-09,-414,2025449,2025-09-03,0,https://carsmultiverse.com/uk-recall/r-2026-213/
R/2026/140,2026-05-15,Mercedes-Benz,G-Class,4090108,,,,2026148,2026-03-27,1,https://carsmultiverse.com/uk-recall/r-2026-140/
R/2026/210,2026-05-11,Ford,"Tourneo Custom and Transit Custom",26S31,,,,,,1,https://carsmultiverse.com/uk-recall/r-2026-210/
R/2026/174,2026-05-08,Ford,Ranger,25S19,25V164,2025-03-14,-420,2025132,2025-03-14,0,https://carsmultiverse.com/uk-recall/r-2026-174/
R/2026/119,2026-05-06,"Aston Martin","DBX, DBX707 and DBX S",RA412086,26V200,2026-03-29,-38,2026156,2026-03-31,1,https://carsmultiverse.com/uk-recall/r-2026-119/
R/2026/128,2026-05-04,Hyundai,"Kona OS EV",61D004,,,,,,1,https://carsmultiverse.com/uk-recall/r-2026-128/
R/2026/117,2026-04-29,"Honda Motorcycles","CL500AP, CL500AS, CMX500A2P and 5 more",3S43RY,,,,,,1,https://carsmultiverse.com/uk-recall/r-2026-117/
R/2026/187,2026-04-17,"Renault Trucks","D Range",C0544,,,,,,1,https://carsmultiverse.com/uk-recall/r-2026-187/
R/2026/149,2026-04-13,Ford,Mustang,25SA7,25E068,2025-10-10,-185,2025549,2025-10-11,0,https://carsmultiverse.com/uk-recall/r-2026-149/
R/2026/031,2026-04-07,Ford,E-Transit,25SD9,25V860,2025-12-12,-116,2025689,2025-12-12,0,https://carsmultiverse.com/uk-recall/r-2026-031/
R/2026/093,2026-04-06,Hyundai,I10,61DT01,,,,,,1,https://carsmultiverse.com/uk-recall/r-2026-093/
R/2026/145,2026-04-06,"Bmw Motorrad","S1000R, R1300R / RT, F900R / GS and 5 more",0000612600,,,,2026092,2026-03-03,0,https://carsmultiverse.com/uk-recall/r-2026-145/
R/2026/095,2026-04-01,"Nissan (Gb)",NV400,PN6C2,,,,,,1,https://carsmultiverse.com/uk-recall/r-2026-095/
R/2026/137,2026-03-26,Ford,Transit,26S20,,,,,,1,https://carsmultiverse.com/uk-recall/r-2026-137/
R/2026/105,2026-03-23,Rolls-Royce,"Cullinan and Black Badge Cullinan",0072970200,,,,,,1,https://carsmultiverse.com/uk-recall/r-2026-105/
R/2026/092,2026-03-17,Bmw,"5 Series Saloon, 5 Series Touring, 7 Series Saloon and 3 more",00615109000061520900,,,,,,1,https://carsmultiverse.com/uk-recall/r-2026-092/
R/2026/100,2026-03-13,Ford,"Tourneo Courier and Transit Courier",26S16,,,,,,1,https://carsmultiverse.com/uk-recall/r-2026-100/
R/2026/081,2026-03-06,"Man Truck And Bus",TGX,9040TR,,,,,,1,https://carsmultiverse.com/uk-recall/r-2026-081/
R/2026/054,2026-03-02,Bmw,"X3, X4, X5 and 9 more",0012650600,,,,,,1,https://carsmultiverse.com/uk-recall/r-2026-054/
R/2026/032,2026-02-27,Ford,Transit,25SC5,,,,,,1,https://carsmultiverse.com/uk-recall/r-2026-032/
R/2026/082,2026-02-24,Ford,"Capri and Explorer",26S06,,,,,,1,https://carsmultiverse.com/uk-recall/r-2026-082/
R/2026/077,2026-02-20,"Triumph Motorcycles","Bonneville T100, Bonneville T120, Bonneville T120 Black and 7 more",SRAN641,,,,2026058,2026-02-13,1,https://carsmultiverse.com/uk-recall/r-2026-077/
R/2026/066,2026-02-12,"Zf Cvs Turkey","Lemförder Steering ROD Assemblies",TJU253351,,,,,,1,https://carsmultiverse.com/uk-recall/r-2026-066/
R/2026/043,2026-02-10,"Volvo Car",EX30,R10357,,,,,,1,https://carsmultiverse.com/uk-recall/r-2026-043/
R/2025/464,2026-01-19,Genesis,GV60,51D152,,,,,,1,https://carsmultiverse.com/uk-recall/r-2025-464/
R/2025/534,2026-01-19,Mercedes-Benz,E-Class,5491322,,,,2025687,2025-12-12,0,https://carsmultiverse.com/uk-recall/r-2025-534/
R/2026/010,2026-01-09,"Renault Trucks","T High",C0500,,,,,,1,https://carsmultiverse.com/uk-recall/r-2026-010/
R/2025/533,2026-01-06,Mercedes-Benz,CLA,9190024,,,,,,1,https://carsmultiverse.com/uk-recall/r-2025-533/
R/2025/556,2026-01-05,Mercedes-Benz,CLA,1595005,,,,,,1,https://carsmultiverse.com/uk-recall/r-2025-556/
R/2025/561,2025-12-31,"Renault Trucks","Master VAN III",M0378,,,,,,1,https://carsmultiverse.com/uk-recall/r-2025-561/
R/2025/558,2025-12-30,"Renault Trucks",Master,C0515,,,,,,1,https://carsmultiverse.com/uk-recall/r-2025-558/
R/2025/548,2025-12-19,Ducati,"Panigale V2 and Streetfighter V2",CR310,,,,,,1,https://carsmultiverse.com/uk-recall/r-2025-548/
R/2025/539,2025-12-18,Ktm,"390 Adventure R, 390 Enduro R and 690 Smc-R",032599896,,,,,,1,https://carsmultiverse.com/uk-recall/r-2025-539/
R/2025/531,2025-12-15,Kawasaki,ZX636JR/JS/JT,DAM37,,,,,,1,https://carsmultiverse.com/uk-recall/r-2025-531/
R/2025/459,2025-12-10,Mercedes-Benz,CLA,9190319,,,,,,1,https://carsmultiverse.com/uk-recall/r-2025-459/
R/2025/460,2025-12-10,Mercedes-Benz,CLA,9193004,,,,,,1,https://carsmultiverse.com/uk-recall/r-2025-460/
R/2025/462,2025-12-10,Mercedes-Benz,CLA,9192113,,,,,,1,https://carsmultiverse.com/uk-recall/r-2025-462/
R/2025/535,2025-12-09,Bmw,X3,0032840300,,,,,,1,https://carsmultiverse.com/uk-recall/r-2025-535/
R/2025/530,2025-12-09,Ford,Mustang,25S92,25V614,2025-12-09,0,2025484,2025-09-12,1,https://carsmultiverse.com/uk-recall/r-2025-530/
R/2025/493,2025-12-08,Ford,Mustang,25C55,25V689,2025-10-10,-59,2025703,2025-12-18,0,https://carsmultiverse.com/uk-recall/r-2025-493/
R/2025/517,2025-12-03,"Volvo Car",XC90,R10345,25V818,2025-11-25,-8,,,0,https://carsmultiverse.com/uk-recall/r-2025-517/
R/2025/524,2025-12-02,Ford,E-Transit,25S99,,,,,,1,https://carsmultiverse.com/uk-recall/r-2025-524/
R/2025/484,2025-12-01,Subaru,Solterra,SRT374,,,,,,1,https://carsmultiverse.com/uk-recall/r-2025-484/
R/2025/270,2025-11-24,"Toyota (Gb)","C-HR, C-HR Plug IN, Corolla and 7 more",25SD063,,,,,,1,https://carsmultiverse.com/uk-recall/r-2025-270/
R/2025/275,2025-11-24,Lexus,"LBX, LM, LS500H and 1 more",25SD063,,,,,,1,https://carsmultiverse.com/uk-recall/r-2025-275/
R/2025/495,2025-11-24,Ford,"Puma Gen-E and E-Transit Courier",25SB1,,,,,,1,https://carsmultiverse.com/uk-recall/r-2025-495/
R/2025/504,2025-11-21,Ford,"Transit Courier",25SC2,,,,,,1,https://carsmultiverse.com/uk-recall/r-2025-504/
R/2025/483,2025-11-18,"Husqvarna Motorcycles","Svartpilen 125, Svartpilen 401, Vitpilen 125 and 1 more",072582998,,,,,,1,https://carsmultiverse.com/uk-recall/r-2025-483/
R/2025/446,2025-11-18,Ktm,"125 Duke, 390 Duke and 990 Duke",072582997,,,,,,1,https://carsmultiverse.com/uk-recall/r-2025-446/
R/2025/456,2025-11-17,Hyundai,I30,51D160,,,,,,1,https://carsmultiverse.com/uk-recall/r-2025-456/
R/2025/457,2025-11-17,Hyundai,"Ioniq 6",51D295,,,,,,1,https://carsmultiverse.com/uk-recall/r-2025-457/
R/2025/527,2025-11-04,Ford,Kuga,25SC4,26V091,2026-02-17,105,2025628,2025-11-14,1,https://carsmultiverse.com/uk-recall/r-2025-527/
R/2025/442,2025-11-03,Mazda,MX5,AS025A,,,,,,1,https://carsmultiverse.com/uk-recall/r-2025-442/
R/2025/421,2025-11-03,Ford,"Transit Custom",25S93,,,,,,1,https://carsmultiverse.com/uk-recall/r-2025-421/
R/2025/425,2025-10-31,"Volvo Car",EX90,R10342,25V654,2025-09-30,-31,2025520,2025-09-30,1,https://carsmultiverse.com/uk-recall/r-2025-425/
R/2025/444,2025-10-23,Mini,Countryman,007287020000728802000072890200,,,,,,1,https://carsmultiverse.com/uk-recall/r-2025-444/
R/2026/118,2025-10-23,"Burstner Gmbh & Kg","Elegance, Lyseo TD, Campeo TD and 3 more",202511,,,,,,1,https://carsmultiverse.com/uk-recall/r-2026-118/
R/2025/422,2025-10-16,Tesla,"Model Y",SB2517011,25V658,2025-01-10,-279,2025526,2025-10-02,0,https://carsmultiverse.com/uk-recall/r-2025-422/
R/2025/433,2025-10-15,Ford,Ranger,25S98,,,,,,1,https://carsmultiverse.com/uk-recall/r-2025-433/
R/2025/386,2025-10-06,"Volvo Car",V60,R10340,25V589,2025-09-10,-26,2025471,2025-09-11,1,https://carsmultiverse.com/uk-recall/r-2025-386/
R/2025/368,2025-10-06,"Nissan (Gb)",Townstar,PN5CD,,,,,,1,https://carsmultiverse.com/uk-recall/r-2025-368/
R/2025/323,2025-10-06,Bmw,"3 Series",0072760200,,,,,,1,https://carsmultiverse.com/uk-recall/r-2025-323/
R/2025/423,2025-10-01,Ford,Mustang,25C43,25V546,2025-08-22,-40,2025434,2025-08-22,0,https://carsmultiverse.com/uk-recall/r-2025-423/
R/2025/273,2025-09-29,Hyundai,I10,51DT09,,,,,,1,https://carsmultiverse.com/uk-recall/r-2025-273/
R/2025/401,2025-09-25,"New Holland","T6.155, T6.160, T6.175 and 7 more",NA5225,,,,,,1,https://carsmultiverse.com/uk-recall/r-2025-401/
R/2025/403,2025-09-25,"Case Ih","Maxxum 145, Maxxum 150, Puma 150 and 3 more",CA5225,,,,,,1,https://carsmultiverse.com/uk-recall/r-2025-403/
R/2025/361,2025-09-24,Ford,"Transit, Focus, Transit Courier and 4 more",25S49,25V315,2025-09-05,-19,2025260,2025-05-09,0,https://carsmultiverse.com/uk-recall/r-2025-361/
R/2025/400,2025-09-22,Ford,"Transit Custom",25S85,,,,,,1,https://carsmultiverse.com/uk-recall/r-2025-400/
R/2025/411,2025-09-19,Lamborghini,"Urus SE",L636R0125,,,,2025504,2025-09-24,1,https://carsmultiverse.com/uk-recall/r-2025-411/
R/2025/367,2025-09-17,"Nissan (Gb)",Townstar,PN4C9,,,,,,1,https://carsmultiverse.com/uk-recall/r-2025-367/
R/2025/341,2025-09-15,Ford,Kuga,25S61,25V372,2025-03-06,-193,2025306,2025-06-03,1,https://carsmultiverse.com/uk-recall/r-2025-341/
R/2025/370,2025-09-15,"Nissan (Gb)",Interstar,PN5CC,,,,,,1,https://carsmultiverse.com/uk-recall/r-2025-370/
R/2025/272,2025-09-08,Hyundai,I20,51DT07,,,,,,1,https://carsmultiverse.com/uk-recall/r-2025-272/
R/2025/359,2025-09-08,Ford,"Kuga, Transit, Mondeo and 12 more",25S72,25V442,2025-06-27,-73,2025360,2025-06-27,0,https://carsmultiverse.com/uk-recall/r-2025-359/
R/2025/293,2025-09-03,Ford,"Mustang Mach-E",25S65,25V404,2025-06-13,-82,2025326,2025-06-13,0,https://carsmultiverse.com/uk-recall/r-2025-293/
R/2025/343,2025-08-28,"Aston Martin",Vanquish,RA062074,25V532,2025-08-20,-8,2025427,2025-08-21,1,https://carsmultiverse.com/uk-recall/r-2025-343/
R/2025/356,2025-08-27,"Triumph Motorcycles","Daytona 660",SRAN640,,,,2025426,2025-08-19,1,https://carsmultiverse.com/uk-recall/r-2025-356/
R/2025/244,2025-08-20,"Volvo Trucks","FHE, FME and Fmle",C0472,,,,,,1,https://carsmultiverse.com/uk-recall/r-2025-244/
R/2025/315,2025-08-20,"Toyota (Gb)","Proace, Proace Verso and Proace City",CI25027,,,,,,1,https://carsmultiverse.com/uk-recall/r-2025-315/
R/2025/326,2025-08-15,Ford,Ranger,25S77,25V488,2025-07-25,-21,2025392,2025-07-25,1,https://carsmultiverse.com/uk-recall/r-2025-326/
R/2025/291,2025-08-11,Lamborghini,Revuelto,L74XR0125,,,,2025388,2025-07-23,1,https://carsmultiverse.com/uk-recall/r-2025-291/
R/2025/289,2025-07-29,Ford,"Transit Custom and Tourneo Custom",25S58,25V349,2025-05-23,-67,,,1,https://carsmultiverse.com/uk-recall/r-2025-289/
R/2025/266,2025-07-18,Ford,"Transit Custom",25S51,25V439,2025-06-27,-21,2025358,2025-05-27,1,https://carsmultiverse.com/uk-recall/r-2025-266/
R/2026/143,2025-07-15,"Zero Motorcycles","DS, DSR and Dsr-X",SVRCL025017,26V048,2026-01-28,197,2025377,2025-07-15,1,https://carsmultiverse.com/uk-recall/r-2026-143/
R/2025/249,2025-07-07,Kawasaki,ZX636J,DAM08,,,,,,1,https://carsmultiverse.com/uk-recall/r-2025-249/
R/2025/243,2025-07-07,Ford,"Galaxy, S-Max and Kuga",25S54,25V345,2025-05-23,-45,2025283,2025-05-23,0,https://carsmultiverse.com/uk-recall/r-2025-243/
R/2025/242,2025-07-04,Ford,Explorer,25S69,,,,,,1,https://carsmultiverse.com/uk-recall/r-2025-242/
R/2025/251,2025-07-04,"Polestar Automotive",PS3,RP1063,25V453,2025-07-07,3,2025364,2025-07-07,1,https://carsmultiverse.com/uk-recall/r-2025-251/
R/2025/232,2025-06-26,"Renault Trucks","D Wide and D E Tech",C0456,,,,,,1,https://carsmultiverse.com/uk-recall/r-2025-232/
R/2025/211,2025-06-23,"Volvo Car","XC60, XC90, V60 and 4 more",R10329,25V392,2025-06-12,-11,2025319,2025-06-12,1,https://carsmultiverse.com/uk-recall/r-2025-211/
R/2025/212,2025-06-23,"Polestar Automotive",PS2,RP1061,25V409,2025-02-07,-136,2025333,2025-06-17,1,https://carsmultiverse.com/uk-recall/r-2025-212/
R/2025/213,2025-06-13,Mercedes-Benz,"AMG ONE",8892108,,,,,,1,https://carsmultiverse.com/uk-recall/r-2025-213/
R/2025/198,2025-06-07,Polaris,"Ranger XP Kinetic",R2501,,,,2025124,2025-03-11,0,https://carsmultiverse.com/uk-recall/r-2025-198/
R/2025/197,2025-06-05,Ford,"Tourneo Connect",25S34,,,,,,1,https://carsmultiverse.com/uk-recall/r-2025-197/
R/2025/188,2025-05-28,Ford,"Transit Custom",25C10,25V237,2025-04-11,-47,2025200,2025-04-11,0,https://carsmultiverse.com/uk-recall/r-2025-188/
R/2025/154,2025-05-20,"Niesmann+Bischoff Gmbh",Ismove,202501,,,,,,3,https://carsmultiverse.com/uk-recall/r-2025-154/
R/2025/169,2025-05-15,"Bmw Motorrad","M1000R and M1000XR",0000321400,,,,,,1,https://carsmultiverse.com/uk-recall/r-2025-169/
R/2025/163,2025-05-09,Ford,Kuga,25S21,25V165,2025-03-14,-56,2025134,2025-03-14,0,https://carsmultiverse.com/uk-recall/r-2025-163/
R/2025/155,2025-05-08,Mercedes-Benz,E-Class,5491321,,,,,,1,https://carsmultiverse.com/uk-recall/r-2025-155/
R/2025/158,2025-05-07,Mercedes-Benz,"C Class",9192004,,,,,,1,https://carsmultiverse.com/uk-recall/r-2025-158/
R/2025/167,2025-05-07,"Aston Martin","Valkyrie Coupe and Valkyrie Spider",RA182044,25V300,2025-08-05,90,,,1,https://carsmultiverse.com/uk-recall/r-2025-167/
R/2025/165,2025-05-01,Mini,"Mini Hatchback and Mini Aceman",0061160900,,,,,,1,https://carsmultiverse.com/uk-recall/r-2025-165/
R/2025/161,2025-04-30,Ford,Mach-E,25S14,25V130,2025-02-28,-61,2025105,2025-03-02,0,https://carsmultiverse.com/uk-recall/r-2025-161/
R/2025/162,2025-04-30,Ford,Kuga,25S16,25V133,2025-02-28,-61,2025108,2025-03-02,0,https://carsmultiverse.com/uk-recall/r-2025-162/
R/2025/106,2025-04-17,Mercedes-Benz,"EQA and EQB",5496605,,,,2025700,2025-12-18,0,https://carsmultiverse.com/uk-recall/r-2025-106/
R/2025/131,2025-04-16,Mercedes-Benz,"CLA and A Class",4290102,,,,,,1,https://carsmultiverse.com/uk-recall/r-2025-131/
R/2025/079,2025-04-11,"Mercedes-Benz Vans","Esprinter 907",0890013,,,,2025076,2025-02-14,0,https://carsmultiverse.com/uk-recall/r-2025-079/
R/2025/124,2025-04-03,Mercedes-Benz,"AMG GT, S Class, SL and 1 more",5496242,,,,2025098,2025-02-24,0,https://carsmultiverse.com/uk-recall/r-2025-124/
R/2025/115,2025-04-01,Kia,EV9,251010,,,,,,1,https://carsmultiverse.com/uk-recall/r-2025-115/
R/2025/133,2025-03-31,Kawasaki,"Ninja 500 EX500GR",DAL98,,,,,,1,https://carsmultiverse.com/uk-recall/r-2025-133/
R/2025/049,2025-03-28,Tesla,"Model 3, Model Y and Model X",SB2500001,25V002,2025-07-01,95,2025002,2025-01-07,0,https://carsmultiverse.com/uk-recall/r-2025-049/
R/2025/117,2025-03-24,"Volvo Car","S60, XC60, XC90 and 3 more",R10312,25V179,2025-03-24,0,2025147,2025-03-20,1,https://carsmultiverse.com/uk-recall/r-2025-117/
R/2025/041,2025-03-24,Hyundai,Iload,41D185,,,,,,1,https://carsmultiverse.com/uk-recall/r-2025-041/
R/2025/084,2025-03-19,Ford,"Fiesta, Puma, Transit Courier and 1 more",25S10,,,,,,1,https://carsmultiverse.com/uk-recall/r-2025-084/
R/2025/104,2025-03-14,Tesla,"Model 3 and Model Y",SB2500004,25V092,2025-02-14,-28,2025034,2025-01-28,0,https://carsmultiverse.com/uk-recall/r-2025-104/
R/2025/103,2025-03-10,"Renault Trucks","D Wide 6X2 and D Wide 4X2",C0446,,,,,,1,https://carsmultiverse.com/uk-recall/r-2025-103/
R/2025/269,2025-03-07,"Meyle Ag","416 050 0005 and 416 050 0005/S",410001829,,,,,,1,https://carsmultiverse.com/uk-recall/r-2025-269/
R/2025/083,2025-03-04,Mercedes-Benz,"G Class",2790013,,,,,,1,https://carsmultiverse.com/uk-recall/r-2025-083/
R/2025/059,2025-03-02,Kia,Niro,231113,,,,,,1,https://carsmultiverse.com/uk-recall/r-2025-059/
R/2025/058,2025-03-02,Kia,"Ceed Phev",240S01,,,,,,1,https://carsmultiverse.com/uk-recall/r-2025-058/
R/2025/043,2025-02-28,Mazda,MX5,AS001A,,,,,,1,https://carsmultiverse.com/uk-recall/r-2025-043/
R/2025/100,2025-02-27,"New Holland","T7.165 S T7.190 T7.210, T7.195 S T7.215 T7.230 T7.245 T7.260, T6.155 T6.160 T6.175 T6.180 and 6 more",NA0925,,,,,,1,https://carsmultiverse.com/uk-recall/r-2025-100/
R/2025/101,2025-02-27,"Case Ih","Puma 140 Puma 150 Puma 165, Puma 185 Puma 200 Puma 220, Maxxum 115 Maxxum 125 Maxxum 135 Maxxum 145 Maxxum 150 and 3 more",CA0925,,,,,,2,https://carsmultiverse.com/uk-recall/r-2025-101/
R/2025/027,2025-02-19,Ducati,"Panigale V4",CR285,25V013,2025-01-24,-26,2025030,2025-01-21,0,https://carsmultiverse.com/uk-recall/r-2025-027/
R/2025/040,2025-02-11,"Volvo Car",EX90,R10298,25V071,2025-07-02,141,2025056,2025-02-07,1,https://carsmultiverse.com/uk-recall/r-2025-040/
R/2025/038,2025-02-10,Ford,Mustang,24C35,24V802,2024-10-25,-108,2024645,2024-10-25,0,https://carsmultiverse.com/uk-recall/r-2025-038/
R/2025/035,2025-02-03,"Indian Motorcycle Company",Scout,I2411,24V970,2024-12-23,-42,2024783,2024-12-23,0,https://carsmultiverse.com/uk-recall/r-2025-035/
R/2024/489,2025-01-20,Hyundai,"Tucson NX4E",41DC22,,,,,,1,https://carsmultiverse.com/uk-recall/r-2024-489/
R/2024/490,2025-01-20,Hyundai,I10,41DT09,,,,,,1,https://carsmultiverse.com/uk-recall/r-2024-490/
R/2025/010,2025-01-16,"Triumph Motorcycles",TF250-X,SRAN628,,,,2025063,2025-02-12,1,https://carsmultiverse.com/uk-recall/r-2025-010/
R/2024/500,2025-01-13,Kia,Sportage,240S33,,,,,,1,https://carsmultiverse.com/uk-recall/r-2024-500/
R/2025/002,2024-12-31,Tesla,"Model 3 and Model Y",SB2400018,24V935,2024-12-17,-14,,,0,https://carsmultiverse.com/uk-recall/r-2025-002/
R/2024/511,2024-12-27,"Renault Trucks","D Wide ZE and DZE",C0416,,,,,,1,https://carsmultiverse.com/uk-recall/r-2024-511/
R/2024/502,2024-12-23,Mercedes-Benz,E-Class,3594808,,,,,,1,https://carsmultiverse.com/uk-recall/r-2024-502/
R/2024/507,2024-12-20,"Polestar Automotive",PS3,RP1043,24V940,2024-12-18,-2,,,0,https://carsmultiverse.com/uk-recall/r-2024-507/
R/2024/508,2024-12-20,"Polestar Automotive",PS2,RP1044,24V939,2024-12-18,-2,,,0,https://carsmultiverse.com/uk-recall/r-2024-508/
R/2024/503,2024-12-19,Ford,"Transit Custom and Tourneo Custom",24S74,,,,,,1,https://carsmultiverse.com/uk-recall/r-2024-503/
R/2024/492,2024-12-11,"Bmw Motorrad","M1000RR, M1000XR, S1000R and 3 more",0000112900,,,,2024705,2024-11-19,1,https://carsmultiverse.com/uk-recall/r-2024-492/
R/2025/007,2024-12-10,Ford,"Tourneo Connect and Transit Connect",24S69,,,,,,1,https://carsmultiverse.com/uk-recall/r-2025-007/
R/2024/416,2024-12-02,Mitsubishi,"ASX 1.6",R30432,,,,,,1,https://carsmultiverse.com/uk-recall/r-2024-416/
R/2024/475,2024-11-29,Mercedes-Benz,"V Class",4692110,,,,,,1,https://carsmultiverse.com/uk-recall/r-2024-475/
R/2024/472,2024-11-28,Mazda,CX-60,AR058A,,,,,,1,https://carsmultiverse.com/uk-recall/r-2024-472/
R/2024/470,2024-11-28,Mazda,CX-60,AR056A,,,,,,1,https://carsmultiverse.com/uk-recall/r-2024-470/
R/2024/462,2024-11-27,"Volvo Car",EX90,R10292,24V869,2024-11-19,-8,,,0,https://carsmultiverse.com/uk-recall/r-2024-462/
R/2024/400,2024-11-22,Mercedes-Benz,Maybach,5496234,,,,2024530,2024-09-16,1,https://carsmultiverse.com/uk-recall/r-2024-400/
R/2024/398,2024-11-20,Mercedes-Benz,"E-Class and CLE",5496233,,,,2024523,2024-09-13,0,https://carsmultiverse.com/uk-recall/r-2024-398/
R/2024/461,2024-11-20,Bmw,"X3 and X3M",0051070600,,,,,,2,https://carsmultiverse.com/uk-recall/r-2024-461/
R/2024/441,2024-11-18,"Mercedes Benz",GLB,4090102,,,,,,1,https://carsmultiverse.com/uk-recall/r-2024-441/
R/2025/037,2024-11-16,"Renault Trucks","D Range",C0405,,,,,,1,https://carsmultiverse.com/uk-recall/r-2025-037/
R/2024/446,2024-11-05,"Volvo Car","S60, V60, S90 and 4 more",R10289,24V788,2024-10-23,-13,2024628,2024-10-23,1,https://carsmultiverse.com/uk-recall/r-2024-446/
R/2024/445,2024-11-04,"Volvo Trucks","FH13B42T, FH13B62T, FH13B82R and 4 more",C0397,,,,,,1,https://carsmultiverse.com/uk-recall/r-2024-445/
R/2024/439,2024-11-04,Ford,Ranger,24S68,,,,,,1,https://carsmultiverse.com/uk-recall/r-2024-439/
R/2024/391,2024-11-01,Subaru,Outback,SRT351,,,,,,1,https://carsmultiverse.com/uk-recall/r-2024-391/
R/2024/405,2024-10-30,"Nissan (Gb)",NV400,PN4C6,,,,,,1,https://carsmultiverse.com/uk-recall/r-2024-405/
R/2024/401,2024-10-29,"Nissan (Gb)",NV300,PN4C1,,,,,,1,https://carsmultiverse.com/uk-recall/r-2024-401/
R/2024/378,2024-10-28,Hyundai,"Genesis DH",41D078,,,,,,1,https://carsmultiverse.com/uk-recall/r-2024-378/
R/2024/307,2024-10-24,Mercedes-Benz,"E-Class, CLS and AMG GT",1595004,,,,2024615,2024-10-18,0,https://carsmultiverse.com/uk-recall/r-2024-307/
R/2024/414,2024-10-24,Bmw,"X5, X7, XM and 6 more",0034940200,,,,,,1,https://carsmultiverse.com/uk-recall/r-2024-414/
R/2024/415,2024-10-24,Mini,"3 Door Hatch - ICE, Aceman BEV and Countryman",0034950200,,,,,,1,https://carsmultiverse.com/uk-recall/r-2024-415/
R/2024/421,2024-10-23,"Triumph Motorcycles","Bonneville T100 Black, Bonneville T120 BUD Ekin, Bonneville T100 and 6 more",SRAN627,,,,2024618,2024-10-21,0,https://carsmultiverse.com/uk-recall/r-2024-421/
R/2024/409,2024-10-21,Bmw,"5 Series Saloon, 5 Series Touring, 7 Series Saloon and 1 more",0032660300,,,,,,1,https://carsmultiverse.com/uk-recall/r-2024-409/
R/2024/392,2024-10-18,Mercedes-Benz,GLA,4990103,,,,,,1,https://carsmultiverse.com/uk-recall/r-2024-392/
R/2024/340,2024-10-14,Hyundai,I800,41D047,,,,,,1,https://carsmultiverse.com/uk-recall/r-2024-340/
R/2024/381,2024-10-08,Alpina,XD3,0051960500,,,,,,2,https://carsmultiverse.com/uk-recall/r-2024-381/
R/2024/382,2024-10-08,Polaris,"Ranger XP Kinetic",R2405,,,,2024571,2024-09-27,1,https://carsmultiverse.com/uk-recall/r-2024-382/
R/2024/428,2024-09-24,Bmw,"3 Series Saloon, 2 Series Coupe and M2",0072660200,,,,,,1,https://carsmultiverse.com/uk-recall/r-2024-428/
R/2024/364,2024-09-20,Bmw,"X3 and X3M",0051960500,,,,,,2,https://carsmultiverse.com/uk-recall/r-2024-364/
R/2024/356,2024-09-18,"Aston Martin","DBX707, DB12 and Vantage",RA031973,24V712,2024-09-24,6,2024575,2024-10-01,1,https://carsmultiverse.com/uk-recall/r-2024-356/
R/2024/341,2024-09-16,Hyundai,"Santa FE",41D130,,,,,,1,https://carsmultiverse.com/uk-recall/r-2024-341/
R/2024/351,2024-09-13,Ford,"Transit Custom",24C24,24V597,2024-08-09,-35,2024463,2024-08-12,0,https://carsmultiverse.com/uk-recall/r-2024-351/
R/2024/352,2024-09-13,"Polestar Automotive",PS2,RP1027,,,,,,1,https://carsmultiverse.com/uk-recall/r-2024-352/
R/2024/335,2024-09-13,Rolls-Royce,Spectre,0034830200,,,,,,1,https://carsmultiverse.com/uk-recall/r-2024-335/
R/2024/346,2024-09-10,Ford,Transit,24S57,,,,,,1,https://carsmultiverse.com/uk-recall/r-2024-346/
R/2024/337,2024-09-04,Mini,"Minie and Minie Convertible",0061750800,,,,,,1,https://carsmultiverse.com/uk-recall/r-2024-337/
R/2024/336,2024-09-03,"Bmw Motorrad",R1300GS,0000770300,,,,,,1,https://carsmultiverse.com/uk-recall/r-2024-336/
R/2024/339,2024-09-02,"Renault Trucks",Master,C0392,,,,,,1,https://carsmultiverse.com/uk-recall/r-2024-339/
R/2024/280,2024-08-29,Ford,"Transit Connect",24S29,24V294,2024-04-26,-125,2024247,2024-04-26,1,https://carsmultiverse.com/uk-recall/r-2024-280/
R/2024/424,2024-08-28,Polaris,"Ranger XP 1000",R2403,,,,2024458,2024-08-12,0,https://carsmultiverse.com/uk-recall/r-2024-424/
R/2024/329,2024-08-28,Polaris,"Sportsman XP1000S",A2404,,,,2024400,2024-07-09,1,https://carsmultiverse.com/uk-recall/r-2024-329/
R/2024/317,2024-08-23,Kia,Picanto,241099,,,,,,1,https://carsmultiverse.com/uk-recall/r-2024-317/
R/2024/281,2024-08-19,Mercedes-Benz,C-Class,5497603,,,,2024341,2024-06-14,1,https://carsmultiverse.com/uk-recall/r-2024-281/
R/2024/303,2024-08-19,"Man Truck And Bus","TGX, TGS, TGL and 1 more",8505TR,,,,,,1,https://carsmultiverse.com/uk-recall/r-2024-303/
R/2024/353,2024-08-16,"Indian Motorcycle Company","Roadmaster, Pursuit, Challenger and 1 more",I2407,24V550,2024-07-23,-24,2024420,2024-07-23,1,https://carsmultiverse.com/uk-recall/r-2024-353/
R/2024/299,2024-08-15,Mercedes-Benz,C-Class,5491114,,,,,,1,https://carsmultiverse.com/uk-recall/r-2024-299/
R/2024/301,2024-08-14,"Mercedes-Benz Vans","Sprinter 907",3594805,,,,2024395,2024-07-05,1,https://carsmultiverse.com/uk-recall/r-2024-301/
R/2024/319,2024-08-14,Bmw,X5,0012230600,,,,,,1,https://carsmultiverse.com/uk-recall/r-2024-319/
R/2024/311,2024-08-12,Polaris,"RZR XP 1000",Z2401,,,,2024454,2024-08-08,1,https://carsmultiverse.com/uk-recall/r-2024-311/
R/2024/282,2024-08-06,"Bmw Motorrad",R1300GS,0000770600,,,,,,1,https://carsmultiverse.com/uk-recall/r-2024-282/
R/2024/308,2024-08-05,Lamborghini,Revuelto,L74XR0124,,,,,,1,https://carsmultiverse.com/uk-recall/r-2024-308/
R/2024/296,2024-08-02,Mazda,CX-60,AR043A,,,,,,1,https://carsmultiverse.com/uk-recall/r-2024-296/
R/2024/300,2024-08-01,Bmw,X1,0052220200,,,,,,1,https://carsmultiverse.com/uk-recall/r-2024-300/
R/2024/268,2024-07-16,Mercedes-Benz,CLS,5497604,,,,,,1,https://carsmultiverse.com/uk-recall/r-2024-268/
R/2024/277,2024-07-08,Bmw,"X2 and X1",0052200200,,,,,,1,https://carsmultiverse.com/uk-recall/r-2024-277/
R/2024/269,2024-07-01,Bmw,X5,0099620200,,,,,,1,https://carsmultiverse.com/uk-recall/r-2024-269/
R/2024/260,2024-06-28,Ford,"Kuga Phev",24S33,25V881,2025-12-18,538,2024270,2024-05-10,0,https://carsmultiverse.com/uk-recall/r-2024-260/
R/2024/275,2024-06-26,"Koenigsegg Automotive Ab",Jesko,REC24251,,,,,,1,https://carsmultiverse.com/uk-recall/r-2024-275/
R/2024/257,2024-06-26,Mercedes-Benz,"EQE, EQE SUV, EQS and 1 more",5496226,,,,2024296,2024-05-24,0,https://carsmultiverse.com/uk-recall/r-2024-257/
R/2024/258,2024-06-19,Bmw,I4,00413002000041320200,,,,,,1,https://carsmultiverse.com/uk-recall/r-2024-258/
R/2024/247,2024-06-17,Alpina,XB7,0034670200,,,,,,1,https://carsmultiverse.com/uk-recall/r-2024-247/
R/2024/248,2024-06-14,Mini,"Mini Countryman",0051900500,,,,,,1,https://carsmultiverse.com/uk-recall/r-2024-248/
R/2024/240,2024-06-06,Polaris,"Ranger EV",R2401,,,,,,1,https://carsmultiverse.com/uk-recall/r-2024-240/
R/2024/239,2024-06-05,Ford,"Transit Courier",24S18,,,,,,1,https://carsmultiverse.com/uk-recall/r-2024-239/
R/2024/222,2024-05-30,"Mercedes-Benz Vans","Sprinter 907 and Sprinter 910",3190102,,,,2024233,2024-04-19,0,https://carsmultiverse.com/uk-recall/r-2024-222/
R/2024/172,2024-05-20,Hyundai,"Kona SX2",41D037,,,,,,1,https://carsmultiverse.com/uk-recall/r-2024-172/
R/2024/197,2024-05-20,Kia,EV6,241041,,,,,,1,https://carsmultiverse.com/uk-recall/r-2024-197/
R/2024/171,2024-05-20,Hyundai,I20,41DT05,,,,,,1,https://carsmultiverse.com/uk-recall/r-2024-171/
R/2024/205,2024-05-10,"Volvo Car",EX30,R10273,,,,,,1,https://carsmultiverse.com/uk-recall/r-2024-205/
R/2024/228,2024-05-06,"Renault Trucks",Master,C0368,,,,,,1,https://carsmultiverse.com/uk-recall/r-2024-228/
R/2024/166,2024-05-06,Mercedes-Benz,"CLA, A Class, EQA and 4 more",5499117,,,,,,1,https://carsmultiverse.com/uk-recall/r-2024-166/
R/2024/164,2024-05-06,Hyundai,"Ioniq 5 and Ioniq 6",41D033,,,,,,1,https://carsmultiverse.com/uk-recall/r-2024-164/
R/2024/200,2024-05-01,Ford,Transit,24S30,,,,,,1,https://carsmultiverse.com/uk-recall/r-2024-200/
R/2024/154,2024-04-29,Hyundai,"Kona SX2 1.0 T GDI and Kona SX2 1.6 T GDI",41D009,,,,,,1,https://carsmultiverse.com/uk-recall/r-2024-154/
R/2024/173,2024-04-23,Mercedes-Benz,"GLE and GLS",9190101,,,,2024171,2024-03-15,1,https://carsmultiverse.com/uk-recall/r-2024-173/
R/2024/048,2024-04-19,Ford,Ranger,23S67,,,,,,1,https://carsmultiverse.com/uk-recall/r-2024-048/
R/2024/180,2024-04-17,"Bmw Motorrad","R1200RT, K1600GTL and K1600B",0000334700,,,,,,1,https://carsmultiverse.com/uk-recall/r-2024-180/
R/2024/168,2024-04-15,Ford,"Tourneo Courier",24S08,,,,,,1,https://carsmultiverse.com/uk-recall/r-2024-168/
R/2024/125,2024-04-11,Mercedes-Benz,C-Class,3590011,,,,,,1,https://carsmultiverse.com/uk-recall/r-2024-125/
R/2024/029,2024-04-11,"Mercedes-Benz & Fuso Trucks","Fuso Canter",RC2301,,,,,,1,https://carsmultiverse.com/uk-recall/r-2024-029/
R/2024/161,2024-04-08,"Aston Martin","model not stated",RA631832,24V255,2024-04-05,-3,2024219,2024-04-11,1,https://carsmultiverse.com/uk-recall/r-2024-161/
R/2024/162,2024-04-08,"Aston Martin",DBX707,RA031926,24V249,2024-04-03,-5,2024218,2024-04-11,1,https://carsmultiverse.com/uk-recall/r-2024-162/
R/2024/157,2024-04-04,Bmw,XM,0051820500,,,,,,1,https://carsmultiverse.com/uk-recall/r-2024-157/
R/2024/141,2024-03-26,Ford,Kuga,24S16,24V187,2024-03-08,-18,2024160,2024-03-11,1,https://carsmultiverse.com/uk-recall/r-2024-141/
R/2024/036,2024-03-18,Hyundai,"Tucson NX4E",31DC11,,,,,,1,https://carsmultiverse.com/uk-recall/r-2024-036/
R/2024/127,2024-03-18,"Triumph Motorcycles","Speed Triple RS and Speed Triple RR",SRAN620,,,,2024150,2024-03-06,1,https://carsmultiverse.com/uk-recall/r-2024-127/
R/2024/129,2024-03-14,Ford,"Transit Courier and Tourneo Courier",24S14,,,,,,1,https://carsmultiverse.com/uk-recall/r-2024-129/
R/2023/316,2024-03-11,Ford,Explorer,23S55,23V675,2023-10-06,-157,2023543,2023-10-06,0,https://carsmultiverse.com/uk-recall/r-2023-316/
R/2024/044,2024-03-11,Ineos,Grenadier,23212,,,,,,1,https://carsmultiverse.com/uk-recall/r-2024-044/
R/2024/123,2024-03-08,Yamaha,"MT-07 (MTN690) Accessory KIT",ACY2401E0,,,,,,1,https://carsmultiverse.com/uk-recall/r-2024-123/
R/2024/104,2024-03-07,Polaris,"Ranger XP Kinetic",R2304,,,,2023541,2023-10-05,0,https://carsmultiverse.com/uk-recall/r-2024-104/
R/2024/106,2024-03-07,Polaris,RZR,Z2205,,,,2022519,2022-09-15,0,https://carsmultiverse.com/uk-recall/r-2024-106/
R/2024/122,2024-03-01,"Daimler Buses Gmbh","Tourismo Rhd-L and Tourismo RHD",6500T23270B,,,,,,2,https://carsmultiverse.com/uk-recall/r-2024-122/
R/2024/211,2024-02-29,Bmw,"I4 and I5",0061360800,,,,,,1,https://carsmultiverse.com/uk-recall/r-2024-211/
R/2024/109,2024-02-28,Bmw,"5 Series Saloon",0052170200,,,,,,1,https://carsmultiverse.com/uk-recall/r-2024-109/
R/2024/103,2024-02-27,"Triumph Motorcycles","Trident 660 and Tiger Sport 660",SRAN617,,,,2024092,2024-02-14,1,https://carsmultiverse.com/uk-recall/r-2024-103/
R/2023/175,2024-02-26,Ford,"S-Max/galaxy and Kuga",23S27,23V380,2023-05-26,-276,2023309,2023-05-29,1,https://carsmultiverse.com/uk-recall/r-2023-175/
R/2023/341,2024-02-19,Ford,Kuga,23S57,,,,,,1,https://carsmultiverse.com/uk-recall/r-2023-341/
R/2024/030,2024-02-16,Kia,"Soul PS EV",231127,,,,,,1,https://carsmultiverse.com/uk-recall/r-2024-030/
R/2024/010,2024-02-16,Kia,"Soul PS EV",231118,,,,,,1,https://carsmultiverse.com/uk-recall/r-2024-010/
R/2024/037,2024-02-14,"Nissan (Gb)",NV400,PN3C4,,,,,,1,https://carsmultiverse.com/uk-recall/r-2024-037/
R/2024/011,2024-02-12,Ford,"Transit Custom Phev, Explorer, Transit Custom and 1 more",23S53,23V626,2023-08-09,-187,2023507,2023-09-12,1,https://carsmultiverse.com/uk-recall/r-2024-011/
R/2024/024,2024-02-07,Mercedes-Benz,"GLA, GLC, S-Class and 3 more",7790004,,,,2023673,2023-12-15,0,https://carsmultiverse.com/uk-recall/r-2024-024/
RSPV/2024/002,2024-02-05,"Bradshaw Electric","G2, G4 and G6",AP000600,,,,,,1,https://carsmultiverse.com/uk-recall/rspv-2024-002/
R/2024/033,2024-02-05,Ford,Ranger,23S42,,,,,,1,https://carsmultiverse.com/uk-recall/r-2024-033/
R/2024/015,2024-01-30,Mercedes-Benz,"EQE 350+",5495504,,,,,,1,https://carsmultiverse.com/uk-recall/r-2024-015/
R/2024/013,2024-01-30,Mercedes-Benz,GLC,0790015,,,,,,1,https://carsmultiverse.com/uk-recall/r-2024-013/
R/2024/020,2024-01-22,Mazda,CX-60,AR001A,,,,,,1,https://carsmultiverse.com/uk-recall/r-2024-020/
R/2024/045,2024-01-19,"Renault Trucks",Trafic,C0340,,,,,,1,https://carsmultiverse.com/uk-recall/r-2024-045/
R/2024/012,2024-01-15,"Volvo Car",XC40,R10256,24V010,2024-01-10,-5,2024005,2024-01-10,1,https://carsmultiverse.com/uk-recall/r-2024-012/
R/2023/361,2024-01-11,Mercedes-Benz,"GLE 400 D 4MATIC and GLE 350 D 4MATIC",5191001,,,,2023651,2023-12-08,1,https://carsmultiverse.com/uk-recall/r-2023-361/
R/2024/002,2024-01-05,Bmw,330E,0011590700,,,,,,1,https://carsmultiverse.com/uk-recall/r-2024-002/
R/2023/346,2024-01-02,Mercedes-Benz,GLE,5496340,,,,2023635,2023-11-27,1,https://carsmultiverse.com/uk-recall/r-2023-346/
R/2023/354,2023-12-20,Bmw,"M3, 3 Series Touring, X5M and 6 more",0024730100,,,,,,1,https://carsmultiverse.com/uk-recall/r-2023-354/
R/2023/355,2023-12-20,Bmw,"X3 and X4",0032480300,,,,,,1,https://carsmultiverse.com/uk-recall/r-2023-355/
R/2023/350,2023-12-15,Tesla,"Model X",SB2320004,23V488,2023-07-14,-154,2023393,2023-07-14,1,https://carsmultiverse.com/uk-recall/r-2023-350/
R/2023/328,2023-12-15,Mercedes-Benz,"GLC and EQE",6790007,,,,,,1,https://carsmultiverse.com/uk-recall/r-2023-328/
R/2023/351,2023-12-15,Tesla,"Model X",SB2300005,23V679,2023-10-11,-65,2023546,2023-10-11,1,https://carsmultiverse.com/uk-recall/r-2023-351/
R/2024/105,2023-12-14,Polaris,RZR200,Z2306,,,,2023510,2023-09-12,0,https://carsmultiverse.com/uk-recall/r-2024-105/
R/2023/336,2023-12-13,Ford,Transit,23S48,25V273,2025-05-14,518,2023477,2023-08-28,0,https://carsmultiverse.com/uk-recall/r-2023-336/
RM/2024/003,2023-12-11,"Indian Motorcycle Company","Chieftain, Roadmaster and Springfield",I2307,23V829,2023-12-07,-4,2023650,2023-12-07,0,https://carsmultiverse.com/uk-recall/rm-2024-003/
R/2023/345,2023-12-08,"Volvo Car",XC90,R10259,23V827,2023-12-07,-1,2023649,2023-12-07,1,https://carsmultiverse.com/uk-recall/r-2023-345/
R/2023/342,2023-12-07,Ford,Mustang,23C35,23V727,2023-10-27,-41,2023587,2023-10-31,0,https://carsmultiverse.com/uk-recall/r-2023-342/
R/2023/307,2023-12-04,Mercedes-Benz,SL,1595002,,,,2023542,2023-10-06,1,https://carsmultiverse.com/uk-recall/r-2023-307/
R/2023/340,2023-11-27,"Volvo Car",S60,R10254,23V780,2023-11-21,-6,2023620,2023-11-21,1,https://carsmultiverse.com/uk-recall/r-2023-340/
R/2023/298,2023-11-20,"Toyota (Gb)","C-HR, Corolla and Auris",23SD108,,,,,,2,https://carsmultiverse.com/uk-recall/r-2023-298/
R/2023/299,2023-11-20,Lexus,RX300,23SD108,,,,,,2,https://carsmultiverse.com/uk-recall/r-2023-299/
R/2023/266,2023-11-13,Kia,Optima,230047,,,,,,1,https://carsmultiverse.com/uk-recall/r-2023-266/
R/2023/320,2023-11-10,Ford,Ranger,23S58,,,,,,1,https://carsmultiverse.com/uk-recall/r-2023-320/
R/2023/291,2023-11-10,Mercedes-Benz,GLC,6290004,,,,2023503,2023-09-08,1,https://carsmultiverse.com/uk-recall/r-2023-291/
RM/2023/032,2023-11-09,"Triumph Motorcycles","Rocket 3 GT Triple Black Edition, Rocket 3 R, Rocket 3 GT and 2 more",SRAN611,,,,2023586,2023-10-31,1,https://carsmultiverse.com/uk-recall/rm-2023-032/
RM/2024/005,2023-11-08,Cfmoto,"450 SR",CF2024001R,,,,,,1,https://carsmultiverse.com/uk-recall/rm-2024-005/
R/2023/312,2023-11-06,Mazda,"CX-30 and MAZDA3",AP059A,,,,,,1,https://carsmultiverse.com/uk-recall/r-2023-312/
RSPV/2023/011,2023-11-06,"Brp-Can Am","Traxter and Maverick Trail",20236,,,,,,2,https://carsmultiverse.com/uk-recall/rspv-2023-011/
R/2023/310,2023-11-06,Mazda,CX-60,AP047A,,,,,,1,https://carsmultiverse.com/uk-recall/r-2023-310/
R/2023/311,2023-11-06,Mazda,CX-60,AP049A,,,,,,1,https://carsmultiverse.com/uk-recall/r-2023-311/
R/2023/225,2023-11-03,Mercedes-Benz,C-Class,5491316,,,,2023366,2023-06-30,0,https://carsmultiverse.com/uk-recall/r-2023-225/
R/2023/281,2023-10-16,"Nissan (Gb)",Ariya,R23C7,,,,,,1,https://carsmultiverse.com/uk-recall/r-2023-281/
R/2023/275,2023-10-06,Rolls-Royce,"Ghost Black Badges, Ghost and Ghost Extended",0051700500,,,,,,1,https://carsmultiverse.com/uk-recall/r-2023-275/
R/2023/260,2023-10-02,Mercedes-Benz,C-Class,4790104,,,,,,1,https://carsmultiverse.com/uk-recall/r-2023-260/
R/2023/255,2023-09-29,Kia,"Ceed, Stonic, Sportage and 1 more",220S15,,,,,,1,https://carsmultiverse.com/uk-recall/r-2023-255/
R/2023/269,2023-09-18,Kia,"Sorento MQ4",231070,,,,,,1,https://carsmultiverse.com/uk-recall/r-2023-269/
RM/2023/033,2023-09-15,Ducati,Xdiavel,CR262,,,,,,1,https://carsmultiverse.com/uk-recall/rm-2023-033/
R/2023/257,2023-09-09,"Daimler Truck","Fuso Canter",RC2303,,,,,,1,https://carsmultiverse.com/uk-recall/r-2023-257/
R/2023/263,2023-09-04,"Volvo Car","V60, S60 and XC40",R10248,,,,,,1,https://carsmultiverse.com/uk-recall/r-2023-263/
RM/2023/023,2023-08-29,"Triumph Motorcycles","Tiger Sport and Trident",SRAN609,,,,2023461,2023-08-16,1,https://carsmultiverse.com/uk-recall/rm-2023-023/
R/2023/223,2023-08-29,Mercedes-Benz,"E-Class, S-Class, C-Class and 6 more",4790205,23V444,2023-06-26,-64,2023672,2023-12-15,0,https://carsmultiverse.com/uk-recall/r-2023-223/
R/2023/249,2023-08-25,Mercedes-Benz,"E-Class and AMG GT",5496333,,,,2023448,2023-08-11,1,https://carsmultiverse.com/uk-recall/r-2023-249/
R/2023/245,2023-08-25,Mercedes-Benz,S-Class,5491111,,,,,,1,https://carsmultiverse.com/uk-recall/r-2023-245/
R/2023/247,2023-08-24,Ford,Ranger,23S43,,,,,,1,https://carsmultiverse.com/uk-recall/r-2023-247/
R/2023/195,2023-08-21,Genesis,"GV70, GV60, GV70EV and 2 more",31D015,,,,,,1,https://carsmultiverse.com/uk-recall/r-2023-195/
R/2023/253,2023-08-21,Bmw,IX1,0061990700,,,,,,1,https://carsmultiverse.com/uk-recall/r-2023-253/
R/2023/184,2023-08-07,Hyundai,"Tucson NX4E",31DC07,,,,,,1,https://carsmultiverse.com/uk-recall/r-2023-184/
R/2023/233,2023-07-31,Bmw,X3,0012050600,,,,,,1,https://carsmultiverse.com/uk-recall/r-2023-233/
R/2023/234,2023-07-31,Bmw,X3,0061810700,,,,,,1,https://carsmultiverse.com/uk-recall/r-2023-234/
R/2023/215,2023-07-28,"Nissan (Gb)",Leaf,R23A6,23V494,2023-07-17,-11,2023397,2023-07-18,1,https://carsmultiverse.com/uk-recall/r-2023-215/
R/2023/143,2023-07-27,Mercedes-Benz,GLC,4092216,,,,,,1,https://carsmultiverse.com/uk-recall/r-2023-143/
R/2023/204,2023-07-21,Ford,Focus,23S34,,,,,,1,https://carsmultiverse.com/uk-recall/r-2023-204/
R/2023/216,2023-07-21,Lamborghini,Huracan,L624R0223,,,,,,1,https://carsmultiverse.com/uk-recall/r-2023-216/
R/2023/210,2023-07-19,Mercedes-Benz,EQS,9290014,,,,,,1,https://carsmultiverse.com/uk-recall/r-2023-210/
R/2023/190,2023-07-17,Mercedes-Benz,"A Class",4092218,,,,,,1,https://carsmultiverse.com/uk-recall/r-2023-190/
R/2023/193,2023-07-14,Mercedes-Benz,"EQE and EQS",5496213,,,,2023320,2023-06-02,0,https://carsmultiverse.com/uk-recall/r-2023-193/
R/2023/173,2023-07-14,Mercedes-Benz,"S-Class and EQS",4290303,,,,2023290,2023-05-17,0,https://carsmultiverse.com/uk-recall/r-2023-173/
R/2023/203,2023-07-11,"Polestar Automotive","Polestar 2",R10245,23V476,2023-07-12,1,2023381,2023-07-12,1,https://carsmultiverse.com/uk-recall/r-2023-203/
R/2023/185,2023-07-10,Mercedes-Benz,"A Class and GLB",3390020,,,,2021772,2021-12-17,0,https://carsmultiverse.com/uk-recall/r-2023-185/
R/2023/157,2023-07-10,Hyundai,"I30PDE and Tucson TLE",21DC03,,,,,,2,https://carsmultiverse.com/uk-recall/r-2023-157/
R/2023/171,2023-07-10,Mercedes-Benz,"G Class",3594019,,,,,,1,https://carsmultiverse.com/uk-recall/r-2023-171/
R/2023/095,2023-06-30,"Nissan (Gb)",Micra,R22D6,,,,,,1,https://carsmultiverse.com/uk-recall/r-2023-095/
R/2023/189,2023-06-28,Ford,Fiesta,23S29,,,,,,1,https://carsmultiverse.com/uk-recall/r-2023-189/
R/2023/186,2023-06-21,Ford,Focus,23S31,,,,,,1,https://carsmultiverse.com/uk-recall/r-2023-186/
RSPV/2023/007,2023-06-19,Kubota,"M7-173, M7-172, M7-132 and 3 more",SFIA23039,,,,,,1,https://carsmultiverse.com/uk-recall/rspv-2023-007/
RM/2023/017,2023-06-05,Ducati,"Panigale V2",CR251,,,,,,1,https://carsmultiverse.com/uk-recall/rm-2023-017/
R/2023/161,2023-05-31,"Volvo Trucks","PCE4, FHE 4, FME 4 and 1 more",C0298,,,,,,1,https://carsmultiverse.com/uk-recall/r-2023-161/
R/2023/156,2023-05-25,"Polestar Automotive","Polestar 1",R10216,,,,2023295,2023-05-23,0,https://carsmultiverse.com/uk-recall/r-2023-156/
R/2023/153,2023-05-24,"Renault Trucks","C, T, T High and 1 more",C0253,,,,,,1,https://carsmultiverse.com/uk-recall/r-2023-153/
R/2023/081,2023-05-23,"Renault Trucks","T, T High, K and 1 more",C0280,,,,,,1,https://carsmultiverse.com/uk-recall/r-2023-081/
R/2023/126,2023-05-22,Hyundai,"Santa FE TM",21D181,,,,,,1,https://carsmultiverse.com/uk-recall/r-2023-126/
R/2023/121,2023-05-05,Kia,"Soul EV and E-Niro",231008,,,,,,1,https://carsmultiverse.com/uk-recall/r-2023-121/
R/2023/120,2023-04-28,Mercedes-Benz,S-Class,6290102,,,,2023169,2023-03-24,0,https://carsmultiverse.com/uk-recall/r-2023-120/
R/2023/091,2023-04-26,Mercedes-Benz,GLE/GLS(167),8392005,,,,2023150,2023-03-17,0,https://carsmultiverse.com/uk-recall/r-2023-091/
R/2023/069,2023-04-24,Hyundai,"Santa FE TM PE, Santa FE TM Phev and Santa FE TM HEV",21D147,,,,,,1,https://carsmultiverse.com/uk-recall/r-2023-069/
R/2023/077,2023-04-24,Kia,Sorento,230015,,,,,,1,https://carsmultiverse.com/uk-recall/r-2023-077/
R/2023/067,2023-04-24,Hyundai,"Kona OS and I40 VF",21D036,,,,,,1,https://carsmultiverse.com/uk-recall/r-2023-067/
R/2023/116,2023-04-20,Mercedes-Benz,CLA(118),4092214,,,,,,1,https://carsmultiverse.com/uk-recall/r-2023-116/
R/2023/096,2023-04-19,"Nissan (Gb)",Juke,PG3C1,,,,,,1,https://carsmultiverse.com/uk-recall/r-2023-096/
R/2023/113,2023-04-17,Bmw,"X3 M40D",0052100200,,,,,,1,https://carsmultiverse.com/uk-recall/r-2023-113/
RM/2023/011,2023-04-15,Ducati,"Diavel V4",CR249,,,,,,1,https://carsmultiverse.com/uk-recall/rm-2023-011/
R/2023/084,2023-04-12,"Nissan (Gb)","NV400 (X62)",PN2C7,,,,,,1,https://carsmultiverse.com/uk-recall/r-2023-084/
R/2023/068,2023-04-10,Hyundai,"Kona OS N and Santa FE TM",21D155,,,,,,1,https://carsmultiverse.com/uk-recall/r-2023-068/
R/2023/070,2023-04-06,Mercedes-Benz,"G Class",5491809,,,,2023076,2023-02-17,0,https://carsmultiverse.com/uk-recall/r-2023-070/
RM/2023/009,2023-04-02,"Bmw Motorrad","S1000XR and S1000R",0000348800,,,,,,1,https://carsmultiverse.com/uk-recall/rm-2023-009/
RM/2023/013,2023-03-31,"Bmw Motorrad","S1000XR and S1000R",0000348800,,,,,,1,https://carsmultiverse.com/uk-recall/rm-2023-013/
R/2023/085,2023-03-30,Ford,Ranger,23S14,,,,,,1,https://carsmultiverse.com/uk-recall/r-2023-085/
R/2023/080,2023-03-27,Ford,Kuga,22S73,22V859,2022-11-18,-129,2022658,2022-11-19,0,https://carsmultiverse.com/uk-recall/r-2023-080/
R/2023/103,2023-03-27,Mazda,CX-60,AP012A,,,,,,1,https://carsmultiverse.com/uk-recall/r-2023-103/
R/2022/196,2023-03-22,Ford,Ranger,22S46,,,,,,1,https://carsmultiverse.com/uk-recall/r-2022-196/
R/2023/074,2023-03-17,"Volvo Trucks","FH, FME, FHE and 1 more",C0289,,,,,,1,https://carsmultiverse.com/uk-recall/r-2023-074/
RM/2023/022,2023-03-17,Yamaha,MWD300,MC220,,,,,,2,https://carsmultiverse.com/uk-recall/rm-2023-022/
RM/2023/008,2023-03-15,"Triumph Motorcycles","Bonneville T120 Black and Bonneville T120",SRAN606,,,,2023113,2023-03-06,1,https://carsmultiverse.com/uk-recall/rm-2023-008/
R/2022/343,2023-02-06,Kia,Sorento,221086,,,,,,1,https://carsmultiverse.com/uk-recall/r-2022-343/
R/2023/015,2023-02-03,Kia,"Sportage SLE",220S39,,,,,,1,https://carsmultiverse.com/uk-recall/r-2023-015/
RM/2023/002,2023-01-31,Triumph,"Speed Triple RS and Speed Triple RR",SRAN605,,,,2023006,2023-01-16,0,https://carsmultiverse.com/uk-recall/rm-2023-002/
R/2023/016,2023-01-24,Bmw,"4 Series Coupe, 2 Series Active Tourer, 3 Series GT and 26 more",00323903000032420300,,,,,,1,https://carsmultiverse.com/uk-recall/r-2023-016/
R/2023/025,2023-01-24,"Volvo Car","XC90, V90, V60 and 7 more",R10217,23V012,2023-01-19,-5,2023010,2023-01-19,1,https://carsmultiverse.com/uk-recall/r-2023-025/
R/2022/326,2023-01-23,"Toyota (Gb)",RAV4,22SMD109,,,,,,1,https://carsmultiverse.com/uk-recall/r-2022-326/
RM/2023/004,2023-01-23,"Bmw Motorrad","R 1250 GS, R 1250 GSA, R 1250 RT and 1 more",0000232600,,,,,,1,https://carsmultiverse.com/uk-recall/rm-2023-004/
R/2022/339,2023-01-13,Lamborghini,Countach,L734R0122,,,,,,1,https://carsmultiverse.com/uk-recall/r-2022-339/
RM/2023/003,2023-01-12,"Bmw Motorrad","S1000 and M1000",0000112800,,,,,,1,https://carsmultiverse.com/uk-recall/rm-2023-003/
R/2022/363,2023-01-09,Kia,Sorento,221135,,,,,,1,https://carsmultiverse.com/uk-recall/r-2022-363/
R/2023/002,2023-01-09,"Renault Trucks","T High, T and C",C0279,,,,,,1,https://carsmultiverse.com/uk-recall/r-2023-002/
R/2022/358,2022-12-19,"Polestar Automotive","Polestar 1",R10202,22V926,2022-12-14,-5,2022716,2022-12-15,1,https://carsmultiverse.com/uk-recall/r-2022-358/
RM/2022/036,2022-12-13,Kawasaki,"ZX1002, ZX1000 and ZR1000",DAK73,,,,,,1,https://carsmultiverse.com/uk-recall/rm-2022-036/
RSPV/2022/021,2022-12-13,Polaris,"Ranger XP 1000, Crew 1000, Ranger XP 1000 Crew and 1 more",R2203,,,,,,1,https://carsmultiverse.com/uk-recall/rspv-2022-021/
R/2022/325,2022-11-30,Ford,Kuga,22S58,,,,,,1,https://carsmultiverse.com/uk-recall/r-2022-325/
R/2022/328,2022-11-30,Kia,Sorento,221103,,,,,,1,https://carsmultiverse.com/uk-recall/r-2022-328/
RSPV/2022/019,2022-11-29,Polaris,"Sportsman 570 and Sportsman 450",A2204,,,,2022646,2022-11-10,1,https://carsmultiverse.com/uk-recall/rspv-2022-019/
RM/2022/033,2022-11-28,"Bmw Motorrad","K1600 GT, K1600GTL and K1600B",0000232500,,,,,,1,https://carsmultiverse.com/uk-recall/rm-2022-033/
R/2023/004,2022-11-25,"Scania Truck","S500 A6X2NB and P360 B6X2*4NB",RC220804,,,,,,1,https://carsmultiverse.com/uk-recall/r-2023-004/
RM/2022/039,2022-11-22,"Indian Motorcycle Company","Scout and Chief",I2206,22V837,2022-11-11,-11,2022645,2022-11-11,0,https://carsmultiverse.com/uk-recall/rm-2022-039/
R/2022/286,2022-11-21,"Toyota (Gb)","Aygo X",22SMD090,,,,,,1,https://carsmultiverse.com/uk-recall/r-2022-286/
R/2022/288,2022-11-14,"Toyota (Gb)","Aygo X and BZ4X",22SMD091,,,,,,1,https://carsmultiverse.com/uk-recall/r-2022-288/
R/2022/317,2022-11-14,Hyundai,"Kona OS",21D091,,,,,,1,https://carsmultiverse.com/uk-recall/r-2022-317/
R/2022/309,2022-11-11,Mercedes-Benz,GLS,9391001,,,,2022551,2022-09-29,1,https://carsmultiverse.com/uk-recall/r-2022-309/
R/2022/310,2022-11-10,Mercedes-Benz,"E-Class and CLS",5490204,,,,2022547,2022-09-29,0,https://carsmultiverse.com/uk-recall/r-2022-310/
R/2022/327,2022-11-08,Ford,"Tourneo Connect",22S70,,,,,,1,https://carsmultiverse.com/uk-recall/r-2022-327/
R/2022/302,2022-11-07,Mercedes-Benz,C-Class,2492002,,,,,,1,https://carsmultiverse.com/uk-recall/r-2022-302/
RSPV/2022/018,2022-11-07,Polaris,"Scrambler 1000S and Sportsman 1000S",A2203,,,,2022641,2022-11-08,1,https://carsmultiverse.com/uk-recall/rspv-2022-018/
RM/2022/031,2022-11-04,Ktm,"1290 Super Duke RR, 1290 Super Duke R and 1290 Super Duke R EVO",112009785,,,,,,1,https://carsmultiverse.com/uk-recall/rm-2022-031/
R/2022/142,2022-11-01,Ford,Ranger,22S30,,,,,,1,https://carsmultiverse.com/uk-recall/r-2022-142/
RM/2022/029,2022-10-31,"Bmw Motorrad","S1000RR, S1000R, S1000XR and 1 more",0000611700,,,,,,1,https://carsmultiverse.com/uk-recall/rm-2022-029/
RM/2022/028,2022-10-31,"Bmw Motorrad",CE04,0000611700,,,,,,1,https://carsmultiverse.com/uk-recall/rm-2022-028/
R/2022/308,2022-10-28,Ford,Ranger,22S64,,,,,,1,https://carsmultiverse.com/uk-recall/r-2022-308/
R/2022/313,2022-10-27,"Volvo Car","S90, V90, S60 and 3 more",R10198,22V793,2022-10-20,-7,,,1,https://carsmultiverse.com/uk-recall/r-2022-313/
R/2022/304,2022-10-27,Ford,Kuga,22S63,,,,,,1,https://carsmultiverse.com/uk-recall/r-2022-304/
RSPV/2022/015,2022-10-13,Polaris,"Trail Performance, Matryx and Axys",S2209,,,,2022448,2022-08-09,0,https://carsmultiverse.com/uk-recall/rspv-2022-015/
RM/2022/026,2022-10-10,Ducati,"Hypermotard 939 Dmhdmt, Hypermotard 939 Std/sp DMH and Hypermotard 939 Stddmt",CR238,,,,,,1,https://carsmultiverse.com/uk-recall/rm-2022-026/
R/2022/272,2022-09-16,"Scania Truck",Lpgrs,RC220701,,,,,,1,https://carsmultiverse.com/uk-recall/r-2022-272/
R/2022/253,2022-09-12,Hyundai,"Nexo FE",21D044,,,,,,1,https://carsmultiverse.com/uk-recall/r-2022-253/
R/2022/260,2022-09-01,Subaru,"Levorg, XV, Outback and 1 more",SRT324,,,,,,1,https://carsmultiverse.com/uk-recall/r-2022-260/
R/2022/257,2022-08-22,Bmw,"M5, 5 Series Saloon and 5 Series Touring",0052060200,,,,,,1,https://carsmultiverse.com/uk-recall/r-2022-257/
R/2022/248,2022-08-12,Ford,Focus,22S49,,,,,,1,https://carsmultiverse.com/uk-recall/r-2022-248/
RM/2022/019,2022-07-22,"Gas Gas","MC 250",392039523,,,,,,1,https://carsmultiverse.com/uk-recall/rm-2022-019/
R/2022/226,2022-07-21,Vauxhall,"Grandland X Phev",O8G22C062,,,,,,1,https://carsmultiverse.com/uk-recall/r-2022-226/
R/2022/209,2022-07-21,Ford,Mustang,22S34,22V334,2022-05-13,-69,,,0,https://carsmultiverse.com/uk-recall/r-2022-209/
R/2022/231,2022-07-19,Ford,Kuga,22S47,22V484,2022-07-07,-12,2022366,2022-07-07,1,https://carsmultiverse.com/uk-recall/r-2022-231/
R/2022/167,2022-07-19,Ford,"Kuga Phev",22S33,22V331,2022-05-13,-67,2022253,2022-05-16,0,https://carsmultiverse.com/uk-recall/r-2022-167/
R/2022/176,2022-07-01,Ford,Focus,22S40,,,,,,1,https://carsmultiverse.com/uk-recall/r-2022-176/
R/2022/183,2022-06-30,Ford,Mustang,22S37,22V382,2022-05-27,-34,2022278,2022-05-30,0,https://carsmultiverse.com/uk-recall/r-2022-183/
R/2022/194,2022-06-29,Ford,"Mustang Mach-E",22S41,22V412,2022-06-10,-19,2022308,2022-06-10,0,https://carsmultiverse.com/uk-recall/r-2022-194/
RCOMP/2023/002,2022-06-29,Saf-Holland,"50165S15L Kingpin",SI2108220505DE,,,,,,1,https://carsmultiverse.com/uk-recall/rcomp-2023-002/
R/2022/163,2022-06-27,Hyundai,I10,21DT02,,,,,,1,https://carsmultiverse.com/uk-recall/r-2022-163/
R/2022/164,2022-06-27,Hyundai,I30,11DC45,,,,,,1,https://carsmultiverse.com/uk-recall/r-2022-164/
R/2022/181,2022-06-23,"Toyota (Gb)",BZ4X,22SMD064,,,,,,1,https://carsmultiverse.com/uk-recall/r-2022-181/
R/2022/160,2022-06-20,Hyundai,"Ioniq 5",21D064,,,,,,1,https://carsmultiverse.com/uk-recall/r-2022-160/
R/2022/172,2022-06-17,Ford,Explorer,22S27,22V255,2022-04-14,-64,2022198,2022-04-14,0,https://carsmultiverse.com/uk-recall/r-2022-172/
R/2022/173,2022-05-30,Kia,EV6,221058,,,,,,1,https://carsmultiverse.com/uk-recall/r-2022-173/
R/2022/143,2022-05-24,Kia,Sorento,221003,,,,,,1,https://carsmultiverse.com/uk-recall/r-2022-143/
R/2022/154,2022-05-20,"Volvo Trucks","FH FM 4",C0242,,,,,,1,https://carsmultiverse.com/uk-recall/r-2022-154/
R/2021/432,2022-05-10,"Mercedes Benz Bus",Ecitaro,6510M21165A,,,,,,1,https://carsmultiverse.com/uk-recall/r-2021-432/
R/2022/104,2022-05-03,Kia,Sorento,221026,,,,,,1,https://carsmultiverse.com/uk-recall/r-2022-104/
RM/2022/005,2022-04-25,"Bmw Motorrad",K1600,0000334600,,,,,,1,https://carsmultiverse.com/uk-recall/rm-2022-005/
R/2022/120,2022-04-20,Tesla,"Model 3",SB2200008,22V263,2022-04-18,-2,,,0,https://carsmultiverse.com/uk-recall/r-2022-120/
RM/2022/014,2022-04-12,Triumph,"Speed Triple RR and Speed Triple RS",SRAN596,,,,2022155,2022-03-31,0,https://carsmultiverse.com/uk-recall/rm-2022-014/
R/2022/083,2022-04-11,Kia,Soul,221040,,,,,,1,https://carsmultiverse.com/uk-recall/r-2022-083/
R/2022/171,2022-04-08,Ford,"Focus, Kuga, Puma and 1 more",22S21,22V191,2022-03-25,-14,2022152,2022-03-29,1,https://carsmultiverse.com/uk-recall/r-2022-171/
RM/2022/013,2022-04-01,Piaggio,"MP3 500 E5 HPE, MP3 300 E5 HPE and MP3 350 E4",PP2ZZQ2201,,,,,,1,https://carsmultiverse.com/uk-recall/rm-2022-013/
RM/2022/023,2022-03-22,Yamaha,"MT09ATR, MT09DX, MT09A and 1 more",MC178,,,,,,1,https://carsmultiverse.com/uk-recall/rm-2022-023/
R/2022/064,2022-03-14,Bmw,"X5 Phev",0061570600,,,,,,1,https://carsmultiverse.com/uk-recall/r-2022-064/
R/2021/433,2022-02-28,"Mercedes Benz Bus",Citaro,6710M21190A,,,,,,1,https://carsmultiverse.com/uk-recall/r-2021-433/
R/2022/009,2022-02-18,Tesla,"Model S",SB2111003,,,,2021783,2021-12-21,1,https://carsmultiverse.com/uk-recall/r-2022-009/
R/2022/008,2022-02-18,Tesla,"Model 3",SB2117008,,,,2021784,2021-12-21,0,https://carsmultiverse.com/uk-recall/r-2022-008/
R/2022/004,2022-02-01,Hyundai,"Ioniq AE EV",11D138,,,,,,1,https://carsmultiverse.com/uk-recall/r-2022-004/
R/2022/014,2022-01-24,Ford,"Mustang Mach-E",21C22,,,,2021560,2021-09-15,1,https://carsmultiverse.com/uk-recall/r-2022-014/
R/2022/015,2022-01-18,Ford,"Mustang Mach-E",21C36,,,,2021768,2021-12-17,0,https://carsmultiverse.com/uk-recall/r-2022-015/
R/2021/439,2022-01-11,Mazda,CX-5,AM038A,,,,,,1,https://carsmultiverse.com/uk-recall/r-2021-439/
R/2021/435,2022-01-04,Mazda,"MAZDA2, CX-3, MAZDA6 and 3 more",AM039A,,,,,,1,https://carsmultiverse.com/uk-recall/r-2021-435/
R/2022/016,2021-12-24,"Bugatti Sas","Chiron PUR Sport",BUGCR025,,,,2021789,2021-12-23,1,https://carsmultiverse.com/uk-recall/r-2022-016/
R/2022/006,2021-12-24,Tesla,"Model 3 and Model Y",SB2131003,,,,2021649,2021-10-25,1,https://carsmultiverse.com/uk-recall/r-2022-006/
R/2022/007,2021-12-24,Tesla,"Model 3",SB2120006,,,,,,1,https://carsmultiverse.com/uk-recall/r-2022-007/
R/2021/414,2021-12-20,Hyundai,"Tucson NX4E and Tucson NX4E Hev/phev",11DC43,,,,,,1,https://carsmultiverse.com/uk-recall/r-2021-414/
R/2021/397,2021-12-17,Ford,"Mustang Mach-E",21S42,,,,2021561,2021-09-15,1,https://carsmultiverse.com/uk-recall/r-2021-397/
R/2021/354,2021-12-17,"Mercedes Benz Bus","Tourismo Rhd-L, Ecitaro and Tourismo RHD",4620U21175A,,,,,,1,https://carsmultiverse.com/uk-recall/r-2021-354/
R/2021/429,2021-12-13,"Volvo Car",XC40,R10143,,,,,,1,https://carsmultiverse.com/uk-recall/r-2021-429/
RSPV/2022/006,2021-11-15,"Claas Tractor Sas","A42 Axion 900, A44 Axion 900, A72 Arion 400 and 1 more",15136,,,,,,1,https://carsmultiverse.com/uk-recall/rspv-2022-006/
R/2021/353,2021-11-01,Subaru,"Forester, Impreza and XV",SRT308,,,,,,1,https://carsmultiverse.com/uk-recall/r-2021-353/
R/2021/345,2021-10-21,"Nissan (Gb)",Juke,PG1CE,,,,,,1,https://carsmultiverse.com/uk-recall/r-2021-345/
RM/2021/035,2021-10-21,Kawasaki,"W800, W800 Cafe and W800 Street",DAK47,,,,,,1,https://carsmultiverse.com/uk-recall/rm-2021-035/
RM/2022/001,2021-10-21,"Zero Motorcycles",SR/F,NSZMC02041702,,,,,,1,https://carsmultiverse.com/uk-recall/rm-2022-001/
R/2021/332,2021-10-18,"Toyota (Gb)","Prius and Prius PHV",21SMD076,,,,,,1,https://carsmultiverse.com/uk-recall/r-2021-332/
R/2021/360,2021-10-18,"Volvo Car","XC90 and XC60",R10098,,,,,,1,https://carsmultiverse.com/uk-recall/r-2021-360/
RM/2021/030,2021-10-05,Ducati,"Hypermotard 950 SP",CR220,,,,,,1,https://carsmultiverse.com/uk-recall/rm-2021-030/
R/2021/303,2021-09-27,"Toyota (Gb)",Supra,21SMD063,,,,,,1,https://carsmultiverse.com/uk-recall/r-2021-303/
R/2021/285,2021-09-22,Ford,Focus,21S36,,,,,,1,https://carsmultiverse.com/uk-recall/r-2021-285/
R/2021/331,2021-09-18,"Volvo Car","XC60, V90, V90CC and 6 more",R10120,,,,,,1,https://carsmultiverse.com/uk-recall/r-2021-331/
R/2021/250,2021-09-13,"Toyota (Gb)",Proace,21SMD056,,,,,,1,https://carsmultiverse.com/uk-recall/r-2021-250/
R/2021/329,2021-09-06,Vw,"ABT E-Transporter",ABTEDT95006A,,,,,,1,https://carsmultiverse.com/uk-recall/r-2021-329/
R/2021/278,2021-09-06,"Nissan (Gb)",NV400,PN1C2,,,,,,1,https://carsmultiverse.com/uk-recall/r-2021-278/
RM/2021/026,2021-09-05,Ducati,"Monster 1200 S/std, Monster 1200 R and Monster 821",CR217,,,,,,1,https://carsmultiverse.com/uk-recall/rm-2021-026/
RSPV/2022/001,2021-09-02,Polaris,"Phoenix 200",A2104,,,,2021331,2021-05-27,1,https://carsmultiverse.com/uk-recall/rspv-2022-001/
R/2021/281,2021-08-10,Ford,Transit,21S30,,,,,,1,https://carsmultiverse.com/uk-recall/r-2021-281/
RM/2021/023,2021-08-06,Kawasaki,"ZX1002A, ZX1002D and ZX1002B",DAK52,,,,,,1,https://carsmultiverse.com/uk-recall/rm-2021-023/
R/2021/282,2021-08-02,"Volvo Car","V60, S90, S60 and 1 more",R10115,,,,,,1,https://carsmultiverse.com/uk-recall/r-2021-282/
R/2021/273,2021-08-02,Mazda,MAZDA3,AM026A,,,,,,1,https://carsmultiverse.com/uk-recall/r-2021-273/
R/2019/155,2021-07-31,Ford,Ranger,17S42,,,,2017633,2017-12-15,1,https://carsmultiverse.com/uk-recall/r-2019-155/
R/2021/269,2021-07-26,"Man Truck And Bus",TGX,7571TR,,,,,,1,https://carsmultiverse.com/uk-recall/r-2021-269/
RSPV/2022/016,2021-07-23,Polaris,"RZR PRO XP",Z2103,,,,2021370,2021-06-10,0,https://carsmultiverse.com/uk-recall/rspv-2022-016/
R/2021/220,2021-07-12,Hyundai,Tucson,11DC17,,,,,,1,https://carsmultiverse.com/uk-recall/r-2021-220/
R/2021/219,2021-07-12,Hyundai,Genesis,11D054,,,,,,1,https://carsmultiverse.com/uk-recall/r-2021-219/
RM/2021/019,2021-07-01,Aprilia,"Tuono 660 and RS660",PA2ZZQ2107,,,,2021414,2021-07-02,0,https://carsmultiverse.com/uk-recall/rm-2021-019/
R/2021/245,2021-06-30,Vauxhall,Mokka,E21210448021C104,,,,,,1,https://carsmultiverse.com/uk-recall/r-2021-245/
R/2021/078,2021-06-27,"General Llc","Cadillac Escalade ESV and Cadillac Escalade",N212328780,,,,2021026,2021-02-05,0,https://carsmultiverse.com/uk-recall/r-2021-078/
R/2021/235,2021-06-23,"Renault Trucks","Master VAN III",C0173,,,,,,1,https://carsmultiverse.com/uk-recall/r-2021-235/
R/2021/217,2021-06-11,Bmw,"2 Series",0051220500,,,,,,1,https://carsmultiverse.com/uk-recall/r-2021-217/
R/2021/218,2021-06-09,Vauxhall,"Movano B",E21210436121C103,,,,,,1,https://carsmultiverse.com/uk-recall/r-2021-218/
R/2021/206,2021-06-09,Vauxhall,"Grandland X",E21210369021C106,,,,,,1,https://carsmultiverse.com/uk-recall/r-2021-206/
R/2021/205,2021-06-07,"Volvo Car","V60CC, S60, S90 and 5 more",R10100,,,,2021345,2021-06-02,1,https://carsmultiverse.com/uk-recall/r-2021-205/
R/2021/192,2021-05-28,Vauxhall,"Movano B",E21210053021C079,,,,,,1,https://carsmultiverse.com/uk-recall/r-2021-192/
R/2021/188,2021-05-27,"Nissan (Gb)",GT-R,R21A4,,,,2021334,2021-05-28,1,https://carsmultiverse.com/uk-recall/r-2021-188/
R/2021/199,2021-05-26,Tesla,"Model 3",SB2120001,,,,2021321,2021-05-25,1,https://carsmultiverse.com/uk-recall/r-2021-199/
R/2021/197,2021-05-26,Tesla,"Model 3",SB2133002,,,,2021318,2021-05-25,1,https://carsmultiverse.com/uk-recall/r-2021-197/
R/2021/177,2021-05-21,Ford,"Kuga, Puma, Focus and 1 more",21C12,,,,,,1,https://carsmultiverse.com/uk-recall/r-2021-177/
R/2021/183,2021-05-21,Ford,"Transit and Transit Custom",21S27,,,,,,1,https://carsmultiverse.com/uk-recall/r-2021-183/
R/2021/168,2021-05-17,Bmw,"M3 and 3 Series",0072250200,,,,,,1,https://carsmultiverse.com/uk-recall/r-2021-168/
R/2021/152,2021-05-10,"Man Truck And Bus","TGM and TGX",7453TR,,,,,,1,https://carsmultiverse.com/uk-recall/r-2021-152/
RSPV/2021/008,2021-05-05,"Brp-Can Am","Renegade and Outlander",20217,,,,,,2,https://carsmultiverse.com/uk-recall/rspv-2021-008/
RM/2021/011,2021-04-30,Ducati,"Multistrada V4",CR208,,,,,,1,https://carsmultiverse.com/uk-recall/rm-2021-011/
R/2021/158,2021-04-28,Bmw,I3,0052980100,,,,,,1,https://carsmultiverse.com/uk-recall/r-2021-158/
R/2021/154,2021-04-27,Mazda,MX-30,AM020A,,,,,,1,https://carsmultiverse.com/uk-recall/r-2021-154/
R/2021/144,2021-04-27,"Nissan (Gb)",NV400,PN1C1,,,,,,1,https://carsmultiverse.com/uk-recall/r-2021-144/
R/2021/123,2021-04-14,Ford,"Ecosport and Fiesta",21S13,,,,,,1,https://carsmultiverse.com/uk-recall/r-2021-123/
R/2021/138,2021-04-13,"Scania Truck",Lpgrs,RC201850,,,,,,1,https://carsmultiverse.com/uk-recall/r-2021-138/
R/2021/077,2021-04-12,Mazda,CX-30,AM006A,,,,,,1,https://carsmultiverse.com/uk-recall/r-2021-077/
R/2021/368,2021-03-22,Lamborghini,"Aventador SVJ Coupe",L734R0121,,,,,,1,https://carsmultiverse.com/uk-recall/r-2021-368/
RSPV/2021/007,2021-03-18,"Brp-Can Am",Ryker,20221,,,,,,1,https://carsmultiverse.com/uk-recall/rspv-2021-007/
R/2021/088,2021-03-16,Vauxhall,"Grandland X",E21210002121C050,,,,,,1,https://carsmultiverse.com/uk-recall/r-2021-088/
R/2021/035,2021-03-08,Hyundai,Tucson,11DC03,,,,,,1,https://carsmultiverse.com/uk-recall/r-2021-035/
R/2021/020,2021-03-05,Ford,Focus,20S74,,,,,,1,https://carsmultiverse.com/uk-recall/r-2021-020/
R/2021/061,2021-02-24,"Polestar Automotive","Polestar 2",R10079,,,,2021098,2021-02-24,1,https://carsmultiverse.com/uk-recall/r-2021-061/
R/2021/060,2021-02-24,"Volvo Car","XC40 Recharge",R10078,,,,,,1,https://carsmultiverse.com/uk-recall/r-2021-060/
RM/2021/008,2021-02-23,Ducati,Xdiavel,CR206,,,,,,1,https://carsmultiverse.com/uk-recall/rm-2021-008/
R/2021/005,2021-02-22,Ford,"Galaxy and S-Max",20S75,,,,,,1,https://carsmultiverse.com/uk-recall/r-2021-005/
R/2021/014,2021-02-22,Hyundai,"Santa FE, I20, Tucson and 1 more",01D116,,,,,,1,https://carsmultiverse.com/uk-recall/r-2021-014/
R/2021/054,2021-02-22,Bmw,"8 Series Coupe, M8 Coupe, X7 and 8 more",0034550200,,,,,,1,https://carsmultiverse.com/uk-recall/r-2021-054/
RSPV/2021/004,2021-02-16,Polaris,"RZR PRO XP Premium",Z2101,,,,2021072,2021-02-18,0,https://carsmultiverse.com/uk-recall/rspv-2021-004/
RM/2021/006,2021-02-10,Ktm,"1290 Super Duke R",081806661,,,,,,1,https://carsmultiverse.com/uk-recall/rm-2021-006/
R/2020/295,2021-02-01,"Mercedes Benz Bus","Setra S531DT",6510U20105A,,,,,,1,https://carsmultiverse.com/uk-recall/r-2020-295/
R/2021/031,2021-02-01,Tesla,"Model S and Model X",SB2121001,,,,2021038,2021-01-29,0,https://carsmultiverse.com/uk-recall/r-2021-031/
R/2021/025,2021-01-28,"Volvo Car",XC40,R10070,,,,,,1,https://carsmultiverse.com/uk-recall/r-2021-025/
R/2020/382,2021-01-25,Hyundai,"Nexo, Kona EV and Kona HEV",01D102,,,,,,1,https://carsmultiverse.com/uk-recall/r-2020-382/
R/2021/021,2021-01-25,Ford,Focus,21S01,,,,,,1,https://carsmultiverse.com/uk-recall/r-2021-021/
R/2020/361,2021-01-21,Ford,Transit,20S70,,,,,,1,https://carsmultiverse.com/uk-recall/r-2020-361/
RSPV/2021/002,2021-01-21,Polaris,"Ranger 1000 and Ranger XP 1000",R2101,,,,2021008,2021-01-14,0,https://carsmultiverse.com/uk-recall/rspv-2021-002/
R/2020/358,2021-01-18,Infiniti,"M30D, M56 and M35H",R20B8,,,,2020601,2020-12-08,1,https://carsmultiverse.com/uk-recall/r-2020-358/
R/2021/008,2021-01-18,Ford,"Fiesta Mhev and Puma Mhev",20S76,,,,,,1,https://carsmultiverse.com/uk-recall/r-2021-008/
R/2020/374,2021-01-11,Kia,"Soul SK3 EV",201128,,,,,,1,https://carsmultiverse.com/uk-recall/r-2020-374/
R/2021/001,2021-01-07,"Volvo Car","V60, V60CC, XC60 and 3 more",R10068,,,,2021003,2021-01-07,1,https://carsmultiverse.com/uk-recall/r-2021-001/
R/2020/385,2020-12-29,"Scania Truck",Lpgrs,RC201853,,,,,,1,https://carsmultiverse.com/uk-recall/r-2020-385/
R/2020/317,2020-12-21,Ford,"Kuga Phev",20S61,,,,,,1,https://carsmultiverse.com/uk-recall/r-2020-317/
RSPV/2020/024,2020-12-09,Polaris,"Ranger 1000",R2007,,,,2020616,2020-12-11,1,https://carsmultiverse.com/uk-recall/rspv-2020-024/
R/2020/352,2020-12-07,Bmw,"M4, M2 and M4 Convertible",0013270300,,,,,,1,https://carsmultiverse.com/uk-recall/r-2020-352/
R/2021/369,2020-12-04,Lamborghini,Urus,L636R0220,,,,,,1,https://carsmultiverse.com/uk-recall/r-2021-369/
RM/2020/047,2020-12-02,Triumph,"Rocket 3 TFC, Rocket 3 GT and Rocket 3 R",SRAN587,,,,2020581,2020-11-30,1,https://carsmultiverse.com/uk-recall/rm-2020-047/
R/2020/364,2020-12-01,"Bugatti Sas","Chiron and Divo",BUGCR032,,,,,,1,https://carsmultiverse.com/uk-recall/r-2020-364/
R/2020/347,2020-11-30,Bmw,Z4,0016570200,,,,,,1,https://carsmultiverse.com/uk-recall/r-2020-347/
R/2020/346,2020-11-26,Bmw,X3,0072210200,,,,,,1,https://carsmultiverse.com/uk-recall/r-2020-346/
R/2020/316,2020-11-15,Subaru,"XV, Forester and Impreza",SRT284,,,,,,1,https://carsmultiverse.com/uk-recall/r-2020-316/
R/2020/315,2020-11-15,Subaru,"XV and Impreza",SRT283,,,,,,1,https://carsmultiverse.com/uk-recall/r-2020-315/
R/2020/323,2020-11-11,Vauxhall,"Grandland X",E20200797020C159,,,,,,1,https://carsmultiverse.com/uk-recall/r-2020-323/
RM/2020/043,2020-11-05,Kawasaki,"Ninja H2 SX SE (ZX1002B), Ninja H2 SX (ZX1002A) and Ninja H2 SX SE + (ZX1002D)",DAJ43,,,,,,1,https://carsmultiverse.com/uk-recall/rm-2020-043/
R/2020/294,2020-11-02,"Nissan (Gb)","Leaf and NV200",PG0C9PS0C5,,,,,,1,https://carsmultiverse.com/uk-recall/r-2020-294/
R/2020/228,2020-10-30,"Mercedes Benz Bus","Intouro, Setra, Tourismo and 1 more",3160M20109A,,,,,,1,https://carsmultiverse.com/uk-recall/r-2020-228/
R/2020/306,2020-10-30,"Polestar Automotive","Polestar 2",R10055,,,,,,1,https://carsmultiverse.com/uk-recall/r-2020-306/
R/2020/013,2020-10-30,Ford,"Galaxy, S-Max and Mondeo",20S32,,,,,,1,https://carsmultiverse.com/uk-recall/r-2020-013/
RSPV/2020/023,2020-10-27,Polaris,"General 2 & 4 Seats Model Year 2016-2018",R2005,,,,2020496,2020-10-20,1,https://carsmultiverse.com/uk-recall/rspv-2020-023/
R/2020/299,2020-10-22,Bmw,"Mini Countryman",00615305000061550500,,,,,,1,https://carsmultiverse.com/uk-recall/r-2020-299/
R/2020/298,2020-10-22,Bmw,"7 Series, 3 Series, 2 Series and 4 more",00615405000061560500,,,,,,1,https://carsmultiverse.com/uk-recall/r-2020-298/
R/2020/227,2020-10-19,"Mercedes Benz Bus","Citaro, Setra, Intouro and 1 more",3200U20110A,,,,,,1,https://carsmultiverse.com/uk-recall/r-2020-227/
RSPV/2020/021,2020-10-16,"Brp-Can Am",Ryker,20206,,,,,,1,https://carsmultiverse.com/uk-recall/rspv-2020-021/
R/2020/308,2020-10-16,Hyundai,"Kona EV",01D076,,,,,,1,https://carsmultiverse.com/uk-recall/r-2020-308/
R/2020/280,2020-10-12,"Aston Martin","DB11, DBS and Vantage",RA011418,,,,,,1,https://carsmultiverse.com/uk-recall/r-2020-280/
R/2020/268,2020-10-08,"Man Truck And Bus",TGE,TI7186TR,,,,,,1,https://carsmultiverse.com/uk-recall/r-2020-268/
RSPV/2020/022,2020-10-07,Polaris,"RZR PRO XP / PRO XP 4, RZR XP Turbo / XP 4 Turbo and RZR Turbo S / Turbo S 4",Z2007,,,,2020469,2020-10-07,1,https://carsmultiverse.com/uk-recall/rspv-2020-022/
R/2020/289,2020-10-06,"Mercedes Benz Bus","Setra S431DT",8810U20101A,,,,,,1,https://carsmultiverse.com/uk-recall/r-2020-289/
R/2020/060,2020-10-05,Lexus,"Lexus NX200T, Lexus LS500, Lexus RX450H and 12 more",20SMD004,,,,,,1,https://carsmultiverse.com/uk-recall/r-2020-060/
R/2020/019,2020-10-05,"Toyota (Gb)","Celica, Yaris, RAV4 and 1 more",20SMD005,,,,,,1,https://carsmultiverse.com/uk-recall/r-2020-019/
R/2020/318,2020-10-05,"Toyota (Gb)",Camry,20SMD004,,,,,,1,https://carsmultiverse.com/uk-recall/r-2020-318/
R/2020/279,2020-10-01,"Polestar Automotive","Polestar PS2",R10053,,,,,,1,https://carsmultiverse.com/uk-recall/r-2020-279/
R/2020/278,2020-10-01,"Polestar Automotive","Polestar PS2",R10048,,,,,,1,https://carsmultiverse.com/uk-recall/r-2020-278/
R/2020/229,2020-09-30,"Mercedes Benz Bus","Capacity, Citaro and Conecto.",3200M20111A,,,,,,1,https://carsmultiverse.com/uk-recall/r-2020-229/
R/2020/253,2020-09-29,Kia,"Soul EV",201085,,,,,,1,https://carsmultiverse.com/uk-recall/r-2020-253/
R/2020/272,2020-09-24,Vauxhall,"Insignia B",E20200696120C135,,,,,,1,https://carsmultiverse.com/uk-recall/r-2020-272/
R/2020/275,2020-09-24,Ford,"Transit and Transit Custom",20S53,,,,,,1,https://carsmultiverse.com/uk-recall/r-2020-275/
R/2020/269,2020-09-15,"Volvo Car",XC40,R10040,,,,,,1,https://carsmultiverse.com/uk-recall/r-2020-269/
R/2020/214,2020-09-09,Ford,Kuga,20S27,,,,,,1,https://carsmultiverse.com/uk-recall/r-2020-214/
R/2020/224,2020-09-04,Ford,Kuga,20S38,,,,,,1,https://carsmultiverse.com/uk-recall/r-2020-224/
R/2020/223,2020-09-04,Hyundai,"Santa FE",01D025,,,,,,1,https://carsmultiverse.com/uk-recall/r-2020-223/
R/2020/140,2020-09-04,Ford,"Transit Connect",20S22,,,,2020204,2020-05-11,1,https://carsmultiverse.com/uk-recall/r-2020-140/
R/2020/248,2020-08-31,Ford,Puma,20S46,,,,,,1,https://carsmultiverse.com/uk-recall/r-2020-248/
R/2020/247,2020-08-27,Ford,"Transit and Transit Custom",20S47,,,,,,1,https://carsmultiverse.com/uk-recall/r-2020-247/
R/2020/246,2020-08-25,"Volvo Car",XC60,R10044,,,,2020390,2020-08-25,1,https://carsmultiverse.com/uk-recall/r-2020-246/
R/2019/156,2020-08-21,Ford,"MKX, Edge, Fusion and 5 more",19S01,16V384,2016-05-31,-1543,2019005,2019-01-08,1,https://carsmultiverse.com/uk-recall/r-2019-156/
R/2020/175,2020-08-19,Ford,Focus,20S28,,,,,,1,https://carsmultiverse.com/uk-recall/r-2020-175/
RM/2020/031,2020-08-17,Ducati,"Panigale V4S, Street Fighter V4S, Street Fighter V4 and 1 more",CR199,,,,,,1,https://carsmultiverse.com/uk-recall/rm-2020-031/
RM/2020/033,2020-08-17,Triumph,"Street Scrambler",SRAN584,,,,2020374,2020-08-14,1,https://carsmultiverse.com/uk-recall/rm-2020-033/
RM/2020/050,2020-08-17,Ducati,"Scrambler 1100",CR201,,,,,,1,https://carsmultiverse.com/uk-recall/rm-2020-050/
R/2020/219,2020-08-10,Bmw,"Z4, X4M and 3 Series",0032140300,,,,,,1,https://carsmultiverse.com/uk-recall/r-2020-219/
RM/2020/030,2020-08-05,Triumph,"Tiger 900 GT LOW, Tiger 900 GT, Tiger 900 Rally PRO and 3 more",SRAN582,,,,2020354,2020-08-04,1,https://carsmultiverse.com/uk-recall/rm-2020-030/
R/2020/190,2020-07-27,"Toyota (Gb)","Auris HV and Prius",20SMD058,,,,,,1,https://carsmultiverse.com/uk-recall/r-2020-190/
R/2020/215,2020-07-23,"Mercedes Benz Bus","Citaro U, Citaro, Citaro G NGT and 9 more",3200M20102A,,,,,,1,https://carsmultiverse.com/uk-recall/r-2020-215/
R/2020/187,2020-07-20,Kia,"Sorento and Sedona",201021,,,,,,1,https://carsmultiverse.com/uk-recall/r-2020-187/
R/2020/210,2020-07-16,"Volvo Car","V60, XC60, V60CC and 7 more",R10026R10027R10028R10030,,,,,,1,https://carsmultiverse.com/uk-recall/r-2020-210/
R/2020/205,2020-07-08,"Volvo Car","V60CC, S80, S60CC and 7 more",R10025,,,,,,1,https://carsmultiverse.com/uk-recall/r-2020-205/
RSPV/2020/012,2020-07-02,Polaris,"RZR PRO XP / PRO XP 4, RZR XP / XP 4 Turbo S, RZR XP / XP 4 1000 and 1 more",Z2005,,,,2020331,2020-07-20,1,https://carsmultiverse.com/uk-recall/rspv-2020-012/
RM/2020/029,2020-07-02,"Husqvarna Motorcycles","Vitpilen 701, Svartpilen 701 and Svartpilen 701 Style",071776254,,,,,,1,https://carsmultiverse.com/uk-recall/rm-2020-029/
R/2020/196,2020-07-02,Ford,Kuga,20S34,,,,,,1,https://carsmultiverse.com/uk-recall/r-2020-196/
R/2020/192,2020-07-01,"Volvo Car","V60CC, XC60, S80 and 5 more",R10029,,,,2020298,2020-06-30,1,https://carsmultiverse.com/uk-recall/r-2020-192/
R/2020/222,2020-07-01,Ssangyong,"Korando and Tivoli",ISB2020008,,,,,,1,https://carsmultiverse.com/uk-recall/r-2020-222/
R/2020/183,2020-06-26,Ford,"Transit and Transit Custom",20S24,,,,,,1,https://carsmultiverse.com/uk-recall/r-2020-183/
R/2020/059,2020-06-01,Hyundai,I30,01D010,,,,,,1,https://carsmultiverse.com/uk-recall/r-2020-059/
RM/2020/015,2020-05-21,Triumph,"Speed Triple RS, Speed Triple S, Tiger 1200 XRT and 8 more",SRAN579,,,,2020184,2020-04-28,1,https://carsmultiverse.com/uk-recall/rm-2020-015/
R/2020/126,2020-05-18,Ford,"Ranger and Everest",20S19,,,,,,1,https://carsmultiverse.com/uk-recall/r-2020-126/
R/2020/104,2020-05-13,"Mercedes Benz Bus","Citaro G and Citaro K",5410M20087A,,,,,,1,https://carsmultiverse.com/uk-recall/r-2020-104/
R/2020/103,2020-04-28,Ford,"Ranger and Everest",20S10,,,,,,1,https://carsmultiverse.com/uk-recall/r-2020-103/
R/2020/110,2020-04-27,Bmw,"2 Series and 1 Series",0032100300,,,,,,1,https://carsmultiverse.com/uk-recall/r-2020-110/
RSPV/2020/011,2020-04-21,Polaris,"Phoenix 200",A2001,,,,2020169,2020-04-17,1,https://carsmultiverse.com/uk-recall/rspv-2020-011/
R/2019/454,2020-04-16,Ford,Focus,19S50,,,,,,1,https://carsmultiverse.com/uk-recall/r-2019-454/
RM/2020/005,2020-04-16,"Bmw Motorrad","C 400 X and C400 GT",0000321100,,,,,,1,https://carsmultiverse.com/uk-recall/rm-2020-005/
RSPV/2020/010,2020-04-14,Polaris,"Ranger XP 1000 and Ranger Diesel (intl)",R2002,,,,,,1,https://carsmultiverse.com/uk-recall/rspv-2020-010/
RM/2020/008,2020-04-06,Triumph,"Trophy A1, Trophy SE A1 and Trophy SE A1 Launch",SRAN574,,,,2020107,2020-03-19,1,https://carsmultiverse.com/uk-recall/rm-2020-008/
R/2020/107,2020-04-03,"Scania Bus","N and FK",RC201613,,,,,,1,https://carsmultiverse.com/uk-recall/r-2020-107/
RM/2020/011,2020-04-02,"Indian Motorcycle Company","111 C.I.",I2003,,,,,,1,https://carsmultiverse.com/uk-recall/rm-2020-011/
RM/2020/010,2020-04-02,"Indian Motorcycle Company","Indian Challenger",I2002,,,,2020138,2020-04-01,1,https://carsmultiverse.com/uk-recall/rm-2020-010/
R/2020/081,2020-03-30,Bmw,M6,0063700100,,,,,,1,https://carsmultiverse.com/uk-recall/r-2020-081/
RSPV/2020/009,2020-03-24,Polaris,"General XP 1000, General 1000 and Ranger XP 1000",R2001,,,,2020141,2020-04-02,1,https://carsmultiverse.com/uk-recall/rspv-2020-009/
R/2020/058,2020-03-23,Mazda,CX-5,AL006A,,,,,,1,https://carsmultiverse.com/uk-recall/r-2020-058/
R/2020/067,2020-03-23,Bmw,"X6 and X6M",0051860400,,,,,,1,https://carsmultiverse.com/uk-recall/r-2020-067/
R/2020/076,2020-03-23,Levc,TX,CCMNO182020,,,,,,1,https://carsmultiverse.com/uk-recall/r-2020-076/
R/2020/063,2020-03-20,Ford,"Transit Custom",20S03,,,,,,1,https://carsmultiverse.com/uk-recall/r-2020-063/
R/2020/073,2020-03-16,"Volvo Car","XC40, XC60, V90 and 6 more",R29998,,,,2020099,2020-03-13,1,https://carsmultiverse.com/uk-recall/r-2020-073/
RM/2020/006,2020-03-13,"Bmw Motorrad","R 1250 GSA, R 1250 GS and R Nine T",0000334500,,,,,,1,https://carsmultiverse.com/uk-recall/rm-2020-006/
RM/2020/007,2020-03-03,"Indian Motorcycle Company","Chieftain, Chief Classic and Chief",I1902A,,,,,,1,https://carsmultiverse.com/uk-recall/rm-2020-007/
R/2019/361,2020-03-02,"Mercedes Benz Bus","Citaro U, Capacity L, Citaro G and 8 more",8330M19064A,,,,,,1,https://carsmultiverse.com/uk-recall/r-2019-361/
R/2019/439,2020-03-02,"Toyota (Gb)",Camry,19SMD097,,,,,,1,https://carsmultiverse.com/uk-recall/r-2019-439/
R/2019/397,2020-03-02,Bmw,"X6 and X6M",0052920200,,,,,,1,https://carsmultiverse.com/uk-recall/r-2019-397/
R/2020/016,2020-03-01,Hyundai,I30,91C080,,,,,,1,https://carsmultiverse.com/uk-recall/r-2020-016/
R/2019/387,2020-02-26,Vauxhall,"Insignia B",E19190042020C031,,,,,,1,https://carsmultiverse.com/uk-recall/r-2019-387/
R/2020/044,2020-02-21,Ford,"Transit Connect",20S05,,,,,,1,https://carsmultiverse.com/uk-recall/r-2020-044/
R/2020/020,2020-02-07,"Nissan (Gb)","X82 (NV300)",PN9B6,,,,,,1,https://carsmultiverse.com/uk-recall/r-2020-020/
R/2020/012,2020-01-30,"Nissan (Gb)","X61 (NV250)",PN0C0,,,,,,1,https://carsmultiverse.com/uk-recall/r-2020-012/
R/2020/009,2020-01-29,Mazda,"MAZDA3 and CX-30",AK072A,,,,,,1,https://carsmultiverse.com/uk-recall/r-2020-009/
R/2020/010,2020-01-29,Mazda,MAZDA3,AK070A,,,,,,1,https://carsmultiverse.com/uk-recall/r-2020-010/
R/2019/440,2020-01-27,"Toyota (Gb)",Prius,19SMD114,,,,,,1,https://carsmultiverse.com/uk-recall/r-2019-440/
R/2019/421,2020-01-24,Ford,Focus,19S42,,,,,,1,https://carsmultiverse.com/uk-recall/r-2019-421/
RM/2020/001,2020-01-22,Triumph,"Speed Twin",SRAN569,,,,2020007,2020-01-15,1,https://carsmultiverse.com/uk-recall/rm-2020-001/
R/2019/442,2020-01-20,"Toyota (Gb)",Yaris,19SMD125,,,,,,1,https://carsmultiverse.com/uk-recall/r-2019-442/
R/2020/004,2020-01-15,"Nissan (Gb)",Pathfinder,R20A1,,,,,,1,https://carsmultiverse.com/uk-recall/r-2020-004/
R/2019/423,2020-01-10,Vauxhall,Vivaro,E19190290020C001,,,,,,1,https://carsmultiverse.com/uk-recall/r-2019-423/
R/2019/426,2020-01-08,Ford,Fiesta,19S47,,,,,,1,https://carsmultiverse.com/uk-recall/r-2019-426/
RSPV/2019/011,2019-12-20,Polaris,"Ranger XP 1000",R1905,,,,2019653,2019-12-20,1,https://carsmultiverse.com/uk-recall/rspv-2019-011/
R/2019/410,2019-12-19,Ford,Fiesta,19S46,,,,,,1,https://carsmultiverse.com/uk-recall/r-2019-410/
RM/2019/034,2019-12-16,Ducati,Multistrada,CR184,,,,,,1,https://carsmultiverse.com/uk-recall/rm-2019-034/
RM/2019/037,2019-12-11,"Moto Guzzi","V85 TT",PGJZZQ1905,,,,2019625,2019-12-11,0,https://carsmultiverse.com/uk-recall/rm-2019-037/
RM/2019/036,2019-12-11,"Moto Guzzi","V85 TT",PGJZZQ1904,,,,2019624,2019-12-11,0,https://carsmultiverse.com/uk-recall/rm-2019-036/
R/2019/368,2019-12-09,Bmw,"5 Series, 6 Series, 3 Series and 1 more",0011370500,,,,,,1,https://carsmultiverse.com/uk-recall/r-2019-368/
R/2019/359,2019-12-08,Hyundai,Ioniq,91C064,,,,,,1,https://carsmultiverse.com/uk-recall/r-2019-359/
RCOMP/2019/010,2019-11-26,Triumph,"Speed Triple",SRAN568,,,,,,1,https://carsmultiverse.com/uk-recall/rcomp-2019-010/
RM/2019/031,2019-11-25,Piaggio,Vespa,PP2ZZQ1904GTS,,,,2019597,2019-11-25,1,https://carsmultiverse.com/uk-recall/rm-2019-031/
RM/2019/029,2019-11-08,Ducati,Hypermotard,CR183,,,,,,1,https://carsmultiverse.com/uk-recall/rm-2019-029/
RM/2019/028,2019-10-22,Polaris,"Slingshot 3-WHEEL Motorcycle",T1901,,,,2019545,2019-10-30,0,https://carsmultiverse.com/uk-recall/rm-2019-028/
R/2019/335,2019-10-04,Ford,Ranger,18S02,,,,2018024,2018-01-11,0,https://carsmultiverse.com/uk-recall/r-2019-335/
R/2019/312,2019-09-27,"Nissan (Gb)",Micra,PY8B3,,,,,,1,https://carsmultiverse.com/uk-recall/r-2019-312/
R/2019/317,2019-09-18,"Scania Truck",Lpgrs,RC191624,,,,,,1,https://carsmultiverse.com/uk-recall/r-2019-317/
RM/2019/020,2019-07-30,"Moto Guzzi","Audace, Elderado, MGX21 and 1 more",PA2ZZQ1904,,,,2019397,2019-08-12,0,https://carsmultiverse.com/uk-recall/rm-2019-020/
RM/2019/021,2019-07-30,Aprilia,"Shiver 750, Dorsodoro and Shiver 900",PA2ZZQ1904,,,,2019397,2019-08-12,0,https://carsmultiverse.com/uk-recall/rm-2019-021/
R/2019/020,2019-06-14,Ford,"S-Max, Galaxy and Mondeo",17S09,,,,2017184,2017-03-29,1,https://carsmultiverse.com/uk-recall/r-2019-020/
R/2019/172,2019-05-17,"General Llc","Chevrolet Corvette, Cadillac ATS, Chevrolet Camaro and 1 more",N182182760,,,,2019056,2019-02-08,0,https://carsmultiverse.com/uk-recall/r-2019-172/
RCOMP/2019/003,2019-05-10,Triumph,Thruxton,SRAN566,,,,2019233,2019-05-16,0,https://carsmultiverse.com/uk-recall/rcomp-2019-003/
R/2019/135,2019-04-26,"Volvo Car",V60,R19938,,,,2019203,2019-04-25,0,https://carsmultiverse.com/uk-recall/r-2019-135/
R/2019/128,2019-04-25,"Volvo Car",XC90,R29936,,,,2019188,2019-04-18,0,https://carsmultiverse.com/uk-recall/r-2019-128/
RSPV/2019/002,2019-02-26,Polaris,"Ranger EV",R1901,,,,2019089,2019-02-26,0,https://carsmultiverse.com/uk-recall/rspv-2019-002/
R/2019/023,2019-01-25,"Volvo Car",XC60,R89910,,,,2019030,2019-01-21,0,https://carsmultiverse.com/uk-recall/r-2019-023/
R/2018/309,2019-01-14,Lexus,"Lexus SC430",18SMD104,,,,,,1,https://carsmultiverse.com/uk-recall/r-2018-309/
R/2019/006,2019-01-11,Tesla,"Model S",SB1920001,,,,2019004,2019-01-07,0,https://carsmultiverse.com/uk-recall/r-2019-006/
R/2018/346,2019-01-01,Subaru,"Legacy and Outback",SRT240,,,,,,1,https://carsmultiverse.com/uk-recall/r-2018-346/
R/2018/291,2018-12-21,Ford,GT,18S29,18V707,2018-09-10,-102,2018555,2018-10-09,0,https://carsmultiverse.com/uk-recall/r-2018-291/
R/2021/374,2018-12-21,Lamborghini,"Gallardo Spyder and Gallardo Coupe",L614R0118,,,,2018662,2018-11-29,0,https://carsmultiverse.com/uk-recall/r-2021-374/
R/2018/307,2018-12-17,"Toyota (Gb)","Yaris, Avensis, Avensis Verso and 1 more",18SMD104,,,,,,1,https://carsmultiverse.com/uk-recall/r-2018-307/
R/2018/321,2018-11-19,Mazda,MAZDA6,AJ046C,,,,,,1,https://carsmultiverse.com/uk-recall/r-2018-321/
R/2018/320,2018-11-19,Mazda,BT-50,AJ046B,,,,,,1,https://carsmultiverse.com/uk-recall/r-2018-320/
R/2018/314,2018-11-12,"Volvo Car","V60CC, V90, V90CC and 5 more",R39917,,,,2018618,2018-11-09,0,https://carsmultiverse.com/uk-recall/r-2018-314/
R/2018/277,2018-09-30,Mazda,MAZDA6,AF058A,,,,,,1,https://carsmultiverse.com/uk-recall/r-2018-277/
R/2018/224,2018-08-17,"Volvo Car",XC40,R89898,,,,2018430,2018-08-15,0,https://carsmultiverse.com/uk-recall/r-2018-224/
R/2018/194,2018-07-16,Ford,"Transit Connect",18S07,18V169,2018-12-03,140,2018129,2018-03-14,0,https://carsmultiverse.com/uk-recall/r-2018-194/
R/2018/082,2018-07-16,Ford,"Kuga, S-Max, Mondeo and 3 more",18S07,18V169,2018-12-03,140,2018129,2018-03-14,0,https://carsmultiverse.com/uk-recall/r-2018-082/
RSPV/2018/005,2018-04-19,Polaris,"Phoenix 200",A1806,,,,2018194,2018-04-19,0,https://carsmultiverse.com/uk-recall/rspv-2018-005/
RM/2018/014,2018-04-12,"Indian Motorcycle Company","ALL MY 2018 111CI Motorcycles",I1804,,,,2018176,2018-04-12,0,https://carsmultiverse.com/uk-recall/rm-2018-014/
R/2018/093,2018-03-30,Tesla,"Model S",SB1832002,,,,2018149,2018-03-29,0,https://carsmultiverse.com/uk-recall/r-2018-093/
RM/2018/012,2018-03-27,Polaris,"Slingshot 3-WHEEL Motorcycle",T1801,,,,2018144,2018-03-27,0,https://carsmultiverse.com/uk-recall/rm-2018-012/
R/2018/053,2018-03-12,Ford,"C-Max, Galaxy, Focus and 3 more",17S45,,,,,,1,https://carsmultiverse.com/uk-recall/r-2018-053/
RM/2018/002,2018-01-18,"Indian Motorcycle Company",Roadmaster,I1801,,,,2018047,2018-01-24,0,https://carsmultiverse.com/uk-recall/rm-2018-002/
R/2018/008,2018-01-08,Ford,"C-Max, Kuga, Fiesta ST and 1 more",17S09,,,,2017184,2017-03-29,1,https://carsmultiverse.com/uk-recall/r-2018-008/
R/2018/009,2018-01-08,Ford,"Transit Connect",17S09,,,,2017184,2017-03-29,1,https://carsmultiverse.com/uk-recall/r-2018-009/
R/2017/293,2018-01-02,Infiniti,"QX30 and Q30",PG7BS,,,,2017538,2017-11-02,0,https://carsmultiverse.com/uk-recall/r-2017-293/
R/2017/345,2017-12-18,"Aston Martin","DB9, Rapide S, Vanquish and 2 more",RA070028,,,,2017639,2017-12-18,0,https://carsmultiverse.com/uk-recall/r-2017-345/
RM/2017/039,2017-12-18,Piaggio,"RSV4 Euro 3, Tuono 1100 Euro 4 and RSV4 Euro 4",PA2ZZQ1703,,,,2018049,2018-01-25,0,https://carsmultiverse.com/uk-recall/rm-2017-039/
R/2017/343,2017-12-18,"Aston Martin","DB9, Virage, DBS and 1 more",RA180026,,,,2017638,2017-12-18,0,https://carsmultiverse.com/uk-recall/r-2017-343/
RM/2017/035,2017-11-02,Polaris,"Springfield, Chief and Chieftain",I1703,,,,2017528,2017-10-27,0,https://carsmultiverse.com/uk-recall/rm-2017-035/
RSPV/2017/016,2017-10-30,Polaris,General,R1707,,,,2017523,2017-10-26,0,https://carsmultiverse.com/uk-recall/rspv-2017-016/
R/2017/284,2017-10-12,Tesla,"Model X",SB1713004,,,,2017496,2017-10-12,0,https://carsmultiverse.com/uk-recall/r-2017-284/
RSPV/2017/008,2017-07-19,Polaris,"Sportsman 570",A1704,,,,2017360,2017-07-18,0,https://carsmultiverse.com/uk-recall/rspv-2017-008/
R/2017/205,2017-06-23,"Aston Martin",Vantage,RA070024,,,,2017340,2017-07-10,0,https://carsmultiverse.com/uk-recall/r-2017-205/
R/2017/188,2017-06-15,"Volvo Car",XC90,R89716,,,,2017299,2017-06-08,0,https://carsmultiverse.com/uk-recall/r-2017-188/
R/2017/163,2017-05-31,Mazda,"MAZDA6, CX-3, CX-5 and 3 more",AG014A,,,,,,1,https://carsmultiverse.com/uk-recall/r-2017-163/
R/2017/149,2017-05-12,Ford,"GT and Mustang",15S21,15V319,2015-05-28,-715,2015232,2015-05-28,0,https://carsmultiverse.com/uk-recall/r-2017-149/
RSPV/2017/005,2017-04-21,Polaris,"Crew and Ranger XP",R1703,,,,2017054,2017-02-03,0,https://carsmultiverse.com/uk-recall/rspv-2017-005/
R/2017/182,2017-04-19,Tesla,"Model S and Model X",SB1733002,,,,2017218,2017-04-20,0,https://carsmultiverse.com/uk-recall/r-2017-182/
R/2017/105,2017-03-08,"Volvo Car","S90, V90 and XC90",R89714,,,,2017089,2017-02-17,0,https://carsmultiverse.com/uk-recall/r-2017-105/
R/2016/268,2017-02-27,"Toyota (Gb)",Dyna,NOTAVAILABLE,,,,,,1,https://carsmultiverse.com/uk-recall/r-2016-268/
R/2017/020,2017-02-22,Ford,Mondeo,16S42,16V875,2016-12-05,-79,2016601,2016-12-01,0,https://carsmultiverse.com/uk-recall/r-2017-020/
R/2017/009,2017-02-06,Ford,Ranger,16S19,16V248,2016-04-27,-285,2016183,2016-04-26,0,https://carsmultiverse.com/uk-recall/r-2017-009/
R/2016/301,2017-02-01,Infiniti,"Q30 and QX30",PG6BN,,,,2016649,2016-12-22,0,https://carsmultiverse.com/uk-recall/r-2016-301/
R/2016/244,2017-01-09,Ford,"Tourneo Connect and Transit Connect",16S35,16V695,2016-09-27,-104,2016474,2016-09-27,0,https://carsmultiverse.com/uk-recall/r-2016-244/
R/2017/002,2017-01-03,"Volvo Car","S90, V60CC, S60CC and 7 more",R89712,16V918,2016-12-21,-13,2016638,2016-12-16,0,https://carsmultiverse.com/uk-recall/r-2017-002/
R/2016/290,2016-12-31,"Land Rover","Discovery and Range Rover Evoque",Q650Q651,,,,2016615,2016-12-08,0,https://carsmultiverse.com/uk-recall/r-2016-290/
RM/2016/049,2016-12-15,Polaris,"Indian Motorcycles - Various Models",I1603,,,,2016616,2016-12-12,0,https://carsmultiverse.com/uk-recall/rm-2016-049/
R/2016/257,2016-11-01,"Volvo Car","S60, V60, V60CC and 4 more",R89708,16V798,2016-11-02,1,2016534,2016-10-28,0,https://carsmultiverse.com/uk-recall/r-2016-257/
R/2016/210,2016-09-30,Mazda,"Demio, B Series, 121 and 4 more",AF050A,,,,,,1,https://carsmultiverse.com/uk-recall/r-2016-210/
RM/2016/035,2016-07-14,Aprilia,"Caponard, Dorsoduro and Tuono",PA2ZZQ1602,,,,2016491,2016-10-07,0,https://carsmultiverse.com/uk-recall/rm-2016-035/
R/2016/143,2016-06-30,Mazda,"Mazda 2",AF071A,,,,,,1,https://carsmultiverse.com/uk-recall/r-2016-143/
R/2016/084,2016-04-29,Mazda,"RX8, 6 and BT-50",AF037A,,,,,,1,https://carsmultiverse.com/uk-recall/r-2016-084/
RSPV/2016/008,2016-04-19,Polaris,RZR,10005,,,,2010133,2010-04-26,0,https://carsmultiverse.com/uk-recall/rspv-2016-008/
R/2015/174,2015-08-26,"Volvo Car",XC90,R89573,,,,2015355,2015-08-05,0,https://carsmultiverse.com/uk-recall/r-2015-174/
R/2015/111,2015-06-03,"Volvo Car",XC90,R89571,15V342,2015-06-03,0,2015238,2015-05-29,0,https://carsmultiverse.com/uk-recall/r-2015-111/
RM/2015/016,2015-05-11,Triumph,"Daytona and Speed Triple",SB524,15V255,2015-04-29,-12,2015182,2015-04-30,0,https://carsmultiverse.com/uk-recall/rm-2015-016/
R/2014/163,2014-12-02,"Aston Martin","DB9, Vantage, Virage and 3 more",RA010019,14V753,2014-11-25,-7,2014543,2014-12-03,0,https://carsmultiverse.com/uk-recall/r-2014-163/
RM/2014/029,2014-11-03,Triumph,"Thunderbird, America, Rocket 3 and 5 more",SB519,14V694,2014-11-03,0,2014495,2014-11-03,0,https://carsmultiverse.com/uk-recall/rm-2014-029/
R/2014/078,2014-07-16,"Aston Martin","DB9 and Rapide S",RA070018,14V425,2014-07-14,-2,,,0,https://carsmultiverse.com/uk-recall/r-2014-078/
R/2013/109,2013-11-04,"Nissan (Gb)",Patrol,R1306,,,,2013332,2013-09-27,0,https://carsmultiverse.com/uk-recall/r-2013-109/
R/2013/071,2013-07-26,Bmw,"3 Series",0072330100,,,,,,1,https://carsmultiverse.com/uk-recall/r-2013-071/
R/2013/067,2013-05-29,"Aston Martin",DB9,RA030017,,,,2014012,2014-01-21,0,https://carsmultiverse.com/uk-recall/r-2013-067/
RSPV/2011/012,2012-01-06,"Workhorse Custom Chassis",W22,61101C,,,,2010248,2010-07-27,0,https://carsmultiverse.com/uk-recall/rspv-2011-012/
R/2011/044,2011-08-16,Hummer,Hummer,10088A,,,,2010140,2010-04-29,0,https://carsmultiverse.com/uk-recall/r-2011-044/
R/2011/048,2011-07-18,Cadillac,"Cadillac and Hummer",10153,,,,2010189,2010-06-07,0,https://carsmultiverse.com/uk-recall/r-2011-048/
R/2011/046,2011-07-18,"Chevrolet Usa",Corvette,10118,,,,2010134,2010-04-27,0,https://carsmultiverse.com/uk-recall/r-2011-046/
R/2010/149,2010-09-27,"Iveco Bus",Eurorider,SC152,,,,1983081,1982-09-29,0,https://carsmultiverse.com/uk-recall/r-2010-149/
R/2008/188,2009-01-26,Saab,95,15025,,,,2015033,2015-01-27,0,https://carsmultiverse.com/uk-recall/r-2008-188/
RM/2008/016,2008-04-15,Vectrix,Scooter,V0801,,,,2008106,2008-03-27,0,https://carsmultiverse.com/uk-recall/rm-2008-016/
RSPV/2008/008,2008-02-21,Polaris,Outlaw,ATV0802,,,,2008026,2008-01-30,0,https://carsmultiverse.com/uk-recall/rspv-2008-008/
R/2007/138,2007-07-24,"Scania Bus",N,70702,,,,2007219,2007-07-06,0,https://carsmultiverse.com/uk-recall/r-2007-138/
RSPV/2007/011,2007-06-13,Polaris,Outlaw,ATV0702,,,,2007164,2007-05-23,0,https://carsmultiverse.com/uk-recall/rspv-2007-011/
R/2005/153,2005-12-14,Cadillac,Corvette,05086,,,,2005296,2005-10-07,0,https://carsmultiverse.com/uk-recall/r-2005-153/
R/2005/162,2005-11-18,"Aston Martin",DB9,SAR011,,,,2005345,2005-11-04,0,https://carsmultiverse.com/uk-recall/r-2005-162/
R/2004/187,2004-11-19,"Aston Martin",Vanquish,SAR009,,,,2004402,2004-11-17,0,https://carsmultiverse.com/uk-recall/r-2004-187/
R/2004/155,2004-11-09,Cadillac,"Envoy, Trailblazer EXT, Trailblazer and 2 more",04006,,,,2004052,2004-02-09,0,https://carsmultiverse.com/uk-recall/r-2004-155/
R/2004/197,2004-11-01,Cadillac,Corvette,04006,,,,2004052,2004-02-09,0,https://carsmultiverse.com/uk-recall/r-2004-197/
R/2004/019,2004-03-11,Vauxhall,"Corsa and Combo",04C08,,,,2004417,2004-11-25,0,https://carsmultiverse.com/uk-recall/r-2004-019/
RM/2004/028,2003-05-08,Polaris,"Victory Motor Cycle - Vegas",V0402,,,,2004302,2004-08-24,0,https://carsmultiverse.com/uk-recall/rm-2004-028/
R/2003/057,2003-04-07,Saab,900,15012,,,,2015310,2015-07-14,0,https://carsmultiverse.com/uk-recall/r-2003-057/
R/2003/015,2003-04-04,Vauxhall,Vivaro,03C02,,,,2003027,2003-02-06,0,https://carsmultiverse.com/uk-recall/r-2003-015/
R/2003/051,2003-03-24,"Aston Martin",DB7,SAR008,,,,2003082,2003-03-27,0,https://carsmultiverse.com/uk-recall/r-2003-051/
R/2002/093,2002-07-11,Saab,"93, 95 and 900",15008,,,,2015244,2015-06-03,0,https://carsmultiverse.com/uk-recall/r-2002-093/
R/2001/042,2001-06-04,"Aston Martin","DB7 and Volante",SAR007,,,,2001181,2001-07-09,0,https://carsmultiverse.com/uk-recall/r-2001-042/
R/2000/106,2000-10-09,"Aston Martin","Vantage, DB7 and Volante",SAR006,,,,2000266,2000-11-15,0,https://carsmultiverse.com/uk-recall/r-2000-106/
R/2000/001,2000-01-10,"Aston Martin","Vantage, DB7 and Volante",SAR003,,,,2000042,2000-02-24,0,https://carsmultiverse.com/uk-recall/r-2000-001/
